City;Product Type;Trip or Order Status;Request Time;Begin Trip Time;Begin Trip Lat;Begin Trip Lng;Begin Trip Address;Dropoff Time;Dropoff Lat;Dropoff Lng;Dropoff Address;Distance (miles);Fare Amount;Fare Currency
Rio de Janeiro;UberX;COMPLETED;2023-09-17 19:25:25 +0000 UTC;2023-09-17 19:32:29 +0000 UTC;0;0;Origem;2023-09-17 19:39:07 +0000 UTC;0;0;Destino;2.16;12.95;BRL
Rio de Janeiro;UberX;COMPLETED;2023-09-08 21:28:22 +0000 UTC;2023-09-08 21:30:17 +0000 UTC;0;0;Origem;2023-09-08 21:47:57 +0000 UTC;0;0;Destino;2.19;12.92;BRL
Rio de Janeiro;UberX;COMPLETED;2023-09-08 16:22:30 +0000 UTC;2023-09-08 16:30:06 +0000 UTC;0;0;Origem;2023-09-08 16:38:56 +0000 UTC;0;0;Destino;1.26;9.91;BRL
Rio de Janeiro;UberX;COMPLETED;2023-09-02 19:26:18 +0000 UTC;2023-09-02 19:32:49 +0000 UTC;0;0;Origem;2023-09-02 19:55:34 +0000 UTC;0;0;Destino;3.69;19.91;BRL
Rio de Janeiro;UberX;COMPLETED;2023-09-02 16:24:52 +0000 UTC;2023-09-02 16:26:10 +0000 UTC;0;0;Origem;2023-09-02 16:38:13 +0000 UTC;0;0;Destino;2.14;12.96;BRL
Rio de Janeiro;UberX;COMPLETED;2023-08-16 19:54:38 +0000 UTC;2023-08-16 19:58:14 +0000 UTC;0;0;Origem;2023-08-16 20:32:51 +0000 UTC;0;0;Destino;8.78;26.9;BRL
Rio de Janeiro;UberX;COMPLETED;2023-08-15 03:27:12 +0000 UTC;2023-08-15 03:30:55 +0000 UTC;0;0;Origem;2023-08-15 03:36:34 +0000 UTC;0;0;Destino;2.15;11.91;BRL
Rio de Janeiro;UberX;COMPLETED;2023-08-10 15:04:50 +0000 UTC;2023-08-10 15:06:12 +0000 UTC;0;0;Origem;2023-08-10 15:15:57 +0000 UTC;0;0;Destino;1.05;9.93;BRL
Rio de Janeiro;UberX;COMPLETED;2023-08-09 00:30:33 +0000 UTC;2023-08-09 00:46:26 +0000 UTC;0;0;Origem;2023-08-09 01:26:20 +0000 UTC;0;0;Destino;13.22;54.9;BRL
Rio de Janeiro;Black;COMPLETED;2023-08-08 20:39:45 +0000 UTC;2023-08-08 20:52:19 +0000 UTC;0;0;Origem;2023-08-08 22:01:23 +0000 UTC;0;0;Destino;13.36;72.6;BRL
Rio de Janeiro;UberX;CANCELED;2023-08-08 20:37:05 +0000 UTC;1970-01-01 00:00:00 +0000 UTC;0;0;Origem;1970-01-01 00:00:00 +0000 UTC;0;0;Destino;0.0;0.0;BRL
Rio de Janeiro;UberX;CANCELED;2023-08-08 20:34:14 +0000 UTC;1970-01-01 00:00:00 +0000 UTC;0;0;Origem;1970-01-01 00:00:00 +0000 UTC;0;0;Destino;0.0;0.0;BRL
Rio de Janeiro;Comfort;CANCELED;2023-08-08 20:30:46 +0000 UTC;1970-01-01 00:00:00 +0000 UTC;0;0;Origem;1970-01-01 00:00:00 +0000 UTC;0;0;Destino;0.0;0.0;BRL
Rio de Janeiro;UberX;CANCELED;2023-08-08 20:25:58 +0000 UTC;1970-01-01 00:00:00 +0000 UTC;0;0;Origem;1970-01-01 00:00:00 +0000 UTC;0;0;Destino;0.0;0.0;BRL
Rio de Janeiro;UberX;COMPLETED;2023-07-14 16:07:26 +0000 UTC;2023-07-14 16:09:56 +0000 UTC;0;0;Origem;2023-07-14 16:29:38 +0000 UTC;0;0;Destino;2.71;14.97;BRL
Rio de Janeiro;UberX;COMPLETED;2023-07-08 23:23:48 +0000 UTC;2023-07-08 23:29:30 +0000 UTC;0;0;Origem;2023-07-08 23:42:10 +0000 UTC;0;0;Destino;2.51;29.92;BRL
Rio de Janeiro;UberX;COMPLETED;2023-07-08 20:48:35 +0000 UTC;2023-07-08 20:50:23 +0000 UTC;0;0;Origem;2023-07-08 21:09:19 +0000 UTC;0;0;Destino;2.21;13.99;BRL
Rio de Janeiro;UberX;COMPLETED;2023-06-14 23:56:02 +0000 UTC;2023-06-15 00:04:05 +0000 UTC;0;0;Origem;2023-06-15 00:20:16 +0000 UTC;0;0;Destino;2.98;13.95;BRL
Rio de Janeiro;UberX;COMPLETED;2023-06-14 22:13:23 +0000 UTC;2023-06-14 22:15:27 +0000 UTC;0;0;Origem;2023-06-14 22:37:25 +0000 UTC;0;0;Destino;2.23;13.96;BRL
Rio de Janeiro;UberX;COMPLETED;2023-06-04 19:31:31 +0000 UTC;2023-06-04 19:33:44 +0000 UTC;0;0;Origem;2023-06-04 19:47:53 +0000 UTC;0;0;Destino;2.23;13.91;BRL
Rio de Janeiro;UberX;COMPLETED;2023-06-04 14:09:48 +0000 UTC;2023-06-04 14:13:32 +0000 UTC;0;0;Origem;2023-06-04 14:22:07 +0000 UTC;0;0;Destino;1.13;8.98;BRL
Rio de Janeiro;UberX;COMPLETED;2023-06-03 13:13:54 +0000 UTC;2023-06-03 13:17:23 +0000 UTC;0;0;Origem;2023-06-03 13:30:46 +0000 UTC;0;0;Destino;2.17;14.08;BRL
Rio de Janeiro;VIP;COMPLETED;2023-05-10 10:09:43 +0000 UTC;2023-05-10 10:21:38 +0000 UTC;0;0;Origem;2023-05-10 11:25:30 +0000 UTC;0;0;Destino;17.13;84.97;BRL
Sao Luis;Flash Moto;DRIVER_CANCELED;2023-05-06 00:23:27 +0000 UTC;1970-01-01 00:00:00 +0000 UTC;0;0;Origem;1970-01-01 00:00:00 +0000 UTC;0;0;Destino;0.0;1.6;BRL
Rio de Janeiro;UberX;COMPLETED;2023-05-03 00:16:23 +0000 UTC;2023-05-03 00:30:26 +0000 UTC;0;0;Origem;2023-05-03 00:59:38 +0000 UTC;0;0;Destino;16.37;49.9;BRL
Rio de Janeiro;UberX;CANCELED;2023-05-03 00:12:39 +0000 UTC;1970-01-01 00:00:00 +0000 UTC;0;0;Origem;1970-01-01 00:00:00 +0000 UTC;0;0;Destino;0.0;0.0;BRL
Rio de Janeiro;Flash;COMPLETED;2023-04-05 17:51:01 +0000 UTC;2023-04-05 18:01:25 +0000 UTC;0;0;Origem;2023-04-05 18:22:42 +0000 UTC;0;0;Destino;2.4;12.94;BRL
Rio de Janeiro;UberX;COMPLETED;2023-04-04 15:15:08 +0000 UTC;2023-04-04 15:19:49 +0000 UTC;0;0;Origem;2023-04-04 15:30:57 +0000 UTC;0;0;Destino;1.4;9.9;BRL
Rio de Janeiro;Flash;COMPLETED;2023-04-04 00:22:30 +0000 UTC;2023-04-04 00:26:53 +0000 UTC;0;0;Origem;2023-04-04 00:32:38 +0000 UTC;0;0;Destino;1.48;8.42;BRL
Rio de Janeiro;UberX;COMPLETED;2023-03-27 15:14:56 +0000 UTC;2023-03-27 15:15:33 +0000 UTC;0;0;Origem;2023-03-27 16:13:40 +0000 UTC;0;0;Destino;22.38;49.91;BRL
Rio de Janeiro;UberX;COMPLETED;2023-03-25 16:02:53 +0000 UTC;2023-03-25 16:04:59 +0000 UTC;0;0;Origem;2023-03-25 17:17:25 +0000 UTC;0;0;Destino;20.81;54.9;BRL
Rio de Janeiro;UberX;COMPLETED;2023-03-25 13:15:38 +0000 UTC;2023-03-25 13:17:27 +0000 UTC;0;0;Origem;2023-03-25 14:03:10 +0000 UTC;0;0;Destino;21.84;49.99;BRL
Rio de Janeiro;UberX;COMPLETED;2023-03-25 12:53:48 +0000 UTC;2023-03-25 13:00:05 +0000 UTC;0;0;Origem;2023-03-25 13:08:02 +0000 UTC;0;0;Destino;1.09;9.92;BRL
Rio de Janeiro;UberX;COMPLETED;2023-02-25 00:24:12 +0000 UTC;2023-02-25 00:26:56 +0000 UTC;0;0;Origem;2023-02-25 00:37:59 +0000 UTC;0;0;Destino;2.49;12.91;BRL
Rio de Janeiro;UberX;COMPLETED;2023-02-24 22:58:14 +0000 UTC;2023-02-24 23:01:43 +0000 UTC;0;0;Origem;2023-02-24 23:16:41 +0000 UTC;0;0;Destino;2.6;13.93;BRL
Rio de Janeiro;Comfort;COMPLETED;2023-02-19 22:45:10 +0000 UTC;2023-02-19 22:51:38 +0000 UTC;0;0;Origem;2023-02-19 22:55:56 +0000 UTC;0;0;Destino;1.06;11.21;BRL
Rio de Janeiro;Comfort;COMPLETED;2023-02-19 20:59:00 +0000 UTC;2023-02-19 21:05:09 +0000 UTC;0;0;Origem;2023-02-19 21:09:41 +0000 UTC;0;0;Destino;1.05;11.21;BRL
Rio de Janeiro;UberX;COMPLETED;2023-02-11 20:26:51 +0000 UTC;2023-02-11 20:34:14 +0000 UTC;0;0;Origem;2023-02-11 20:52:05 +0000 UTC;0;0;Destino;3.6;17.95;BRL
Rio de Janeiro;Comfort;COMPLETED;2023-02-11 17:32:41 +0000 UTC;2023-02-11 17:34:50 +0000 UTC;0;0;Origem;2023-02-11 17:50:36 +0000 UTC;0;0;Destino;2.98;18.61;BRL
Rio de Janeiro;Comfort;COMPLETED;2023-02-11 16:40:54 +0000 UTC;2023-02-11 16:50:25 +0000 UTC;0;0;Origem;2023-02-11 17:02:19 +0000 UTC;0;0;Destino;2.3;16.64;BRL
Rio de Janeiro;UberX;CANCELED;2023-02-11 16:37:38 +0000 UTC;1970-01-01 00:00:00 +0000 UTC;0;0;Origem;1970-01-01 00:00:00 +0000 UTC;0;0;Destino;0.0;0.0;BRL
Rio de Janeiro;Comfort;COMPLETED;2023-02-04 17:38:00 +0000 UTC;2023-02-04 17:44:06 +0000 UTC;0;0;Origem;2023-02-04 18:02:24 +0000 UTC;0;0;Destino;3.03;25.18;BRL
Rio de Janeiro;UberX;COMPLETED;2023-02-04 15:08:58 +0000 UTC;2023-02-04 15:17:22 +0000 UTC;0;0;Origem;2023-02-04 15:31:17 +0000 UTC;0;0;Destino;2.52;17.9;BRL
Rio de Janeiro;UberX;COMPLETED;2023-01-25 18:51:28 +0000 UTC;2023-01-25 18:56:04 +0000 UTC;0;0;Origem;2023-01-25 19:15:01 +0000 UTC;0;0;Destino;2.26;13.96;BRL
Rio de Janeiro;UberX;COMPLETED;2023-01-25 15:27:19 +0000 UTC;2023-01-25 15:28:32 +0000 UTC;0;0;Origem;2023-01-25 15:41:15 +0000 UTC;0;0;Destino;2.37;12.93;BRL
Rio de Janeiro;UberX;COMPLETED;2023-01-23 23:29:39 +0000 UTC;2023-01-23 23:35:03 +0000 UTC;0;0;Origem;2023-01-23 23:49:44 +0000 UTC;0;0;Destino;2.64;12.92;BRL
Rio de Janeiro;UberX;COMPLETED;2023-01-23 22:17:29 +0000 UTC;2023-01-23 22:18:57 +0000 UTC;0;0;Origem;2023-01-23 22:34:20 +0000 UTC;0;0;Destino;2.48;13.98;BRL
Rio de Janeiro;UberX;COMPLETED;2023-01-18 16:47:11 +0000 UTC;2023-01-18 16:55:59 +0000 UTC;0;0;Origem;2023-01-18 17:05:45 +0000 UTC;0;0;Destino;1.51;9.96;BRL
Rio de Janeiro;UberX;COMPLETED;2022-12-24 15:28:03 +0000 UTC;2022-12-24 15:33:24 +0000 UTC;0;0;Origem;2022-12-24 15:51:01 +0000 UTC;0;0;Destino;3.21;11.86;BRL
Rio de Janeiro;UberX;COMPLETED;2022-12-24 13:32:05 +0000 UTC;2022-12-24 13:34:41 +0000 UTC;0;0;Origem;2022-12-24 13:52:19 +0000 UTC;0;0;Destino;2.25;11.25;BRL
Rio de Janeiro;UberX;COMPLETED;2022-12-16 00:20:08 +0000 UTC;2022-12-16 00:24:32 +0000 UTC;0;0;Origem;2022-12-16 00:41:47 +0000 UTC;0;0;Destino;2.5;24.95;BRL
Rio de Janeiro;UberX;COMPLETED;2022-12-15 22:09:35 +0000 UTC;2022-12-15 22:14:48 +0000 UTC;0;0;Origem;2022-12-15 22:34:24 +0000 UTC;0;0;Destino;2.66;17.13;BRL
Rio de Janeiro;UberX;COMPLETED;2022-12-11 18:06:05 +0000 UTC;2022-12-11 18:07:21 +0000 UTC;0;0;Origem;2022-12-11 18:19:52 +0000 UTC;0;0;Destino;3.19;13.97;BRL
Rio de Janeiro;UberX;COMPLETED;2022-12-11 16:17:19 +0000 UTC;2022-12-11 16:22:30 +0000 UTC;0;0;Origem;2022-12-11 16:36:27 +0000 UTC;0;0;Destino;3.85;16.91;BRL
Rio de Janeiro;UberX;COMPLETED;2022-12-11 12:38:28 +0000 UTC;2022-12-11 12:46:14 +0000 UTC;0;0;Origem;2022-12-11 12:56:05 +0000 UTC;0;0;Destino;2.23;11.92;BRL
Rio de Janeiro;UberX;COMPLETED;2022-12-10 23:23:55 +0000 UTC;2022-12-10 23:31:24 +0000 UTC;0;0;Origem;2022-12-10 23:51:24 +0000 UTC;0;0;Destino;7.83;29.9;BRL
Rio de Janeiro;UberX;COMPLETED;2022-12-10 20:08:12 +0000 UTC;2022-12-10 20:16:19 +0000 UTC;0;0;Origem;2022-12-10 20:37:09 +0000 UTC;0;0;Destino;8.02;24.9;BRL
Rio de Janeiro;UberX;COMPLETED;2022-12-10 05:50:49 +0000 UTC;2022-12-10 05:55:50 +0000 UTC;0;0;Origem;2022-12-10 06:26:49 +0000 UTC;0;0;Destino;14.86;74.9;BRL
Rio de Janeiro;UberX;CANCELED;2022-12-10 05:49:44 +0000 UTC;1970-01-01 00:00:00 +0000 UTC;0;0;Origem;1970-01-01 00:00:00 +0000 UTC;0;0;Destino;0.0;0.0;BRL
Rio de Janeiro;UberX;CANCELED;2022-12-10 05:45:33 +0000 UTC;1970-01-01 00:00:00 +0000 UTC;0;0;Origem;1970-01-01 00:00:00 +0000 UTC;0;0;Destino;0.0;0.0;BRL
Rio de Janeiro;Comfort Planet;CANCELED;2022-12-10 05:40:07 +0000 UTC;1970-01-01 00:00:00 +0000 UTC;0;0;Origem;1970-01-01 00:00:00 +0000 UTC;0;0;Destino;0.0;0.0;BRL
Rio de Janeiro;VIP;CANCELED;2022-12-10 05:37:06 +0000 UTC;1970-01-01 00:00:00 +0000 UTC;0;0;Origem;1970-01-01 00:00:00 +0000 UTC;0;0;Destino;0.0;0.0;BRL
Rio de Janeiro;UberX;CANCELED;2022-12-10 05:33:41 +0000 UTC;1970-01-01 00:00:00 +0000 UTC;0;0;Origem;1970-01-01 00:00:00 +0000 UTC;0;0;Destino;0.0;0.0;BRL
Rio de Janeiro;UberX;CANCELED;2022-12-10 05:32:06 +0000 UTC;1970-01-01 00:00:00 +0000 UTC;0;0;Origem;1970-01-01 00:00:00 +0000 UTC;0;0;Destino;0.0;0.0;BRL
Rio de Janeiro;UberX;CANCELED;2022-12-10 05:30:51 +0000 UTC;1970-01-01 00:00:00 +0000 UTC;0;0;Origem;1970-01-01 00:00:00 +0000 UTC;0;0;Destino;0.0;0.0;BRL
Rio de Janeiro;UberX;COMPLETED;2022-12-09 22:51:39 +0000 UTC;2022-12-09 22:53:21 +0000 UTC;0;0;Origem;2022-12-09 23:26:28 +0000 UTC;0;0;Destino;14.84;47.01;BRL
Rio de Janeiro;;UNFULFILLED;2022-12-09 22:46:28 +0000 UTC;1970-01-01 00:00:00 +0000 UTC;0;0;Origem;1970-01-01 00:00:00 +0000 UTC;0;0;Destino;0.0;0.0;BRL
Rio de Janeiro;UberX;COMPLETED;2022-12-08 01:11:54 +0000 UTC;2022-12-08 01:19:53 +0000 UTC;0;0;Origem;2022-12-08 01:30:12 +0000 UTC;0;0;Destino;2.68;14.95;BRL
Rio de Janeiro;UberX;COMPLETED;2022-12-07 22:27:32 +0000 UTC;2022-12-07 22:30:35 +0000 UTC;0;0;Origem;2022-12-07 22:44:09 +0000 UTC;0;0;Destino;2.51;21.9;BRL
Rio de Janeiro;UberX;COMPLETED;2022-12-03 01:05:35 +0000 UTC;2022-12-03 01:08:18 +0000 UTC;0;0;Origem;2022-12-03 01:22:07 +0000 UTC;0;0;Destino;3.26;22.98;BRL
Rio de Janeiro;UberX;COMPLETED;2022-12-02 18:35:20 +0000 UTC;2022-12-02 18:40:12 +0000 UTC;0;0;Origem;2022-12-02 18:56:33 +0000 UTC;0;0;Destino;2.26;32.93;BRL
Rio de Janeiro;UberX;CANCELED;2022-12-02 18:32:27 +0000 UTC;1970-01-01 00:00:00 +0000 UTC;0;0;Origem;1970-01-01 00:00:00 +0000 UTC;0;0;Destino;0.0;0.0;BRL
Rio de Janeiro;UberX;COMPLETED;2022-11-25 22:46:43 +0000 UTC;2022-11-25 22:48:39 +0000 UTC;0;0;Origem;2022-11-25 23:07:36 +0000 UTC;0;0;Destino;3.49;16.96;BRL
Rio de Janeiro;UberX;COMPLETED;2022-11-19 15:15:31 +0000 UTC;2022-11-19 15:19:12 +0000 UTC;0;0;Origem;2022-11-19 16:02:58 +0000 UTC;0;0;Destino;9.06;24.91;BRL
Rio de Janeiro;UberX;COMPLETED;2022-11-18 17:05:04 +0000 UTC;2022-11-18 17:07:28 +0000 UTC;0;0;Origem;2022-11-18 17:31:38 +0000 UTC;0;0;Destino;7.85;24.94;BRL
Rio de Janeiro;UberX;COMPLETED;2022-11-15 15:16:06 +0000 UTC;2022-11-15 15:19:01 +0000 UTC;0;0;Origem;2022-11-15 15:23:19 +0000 UTC;0;0;Destino;1.05;8.93;BRL
Rio de Janeiro;UberX;COMPLETED;2022-11-14 20:59:57 +0000 UTC;2022-11-14 21:01:48 +0000 UTC;0;0;Origem;2022-11-14 21:05:26 +0000 UTC;0;0;Destino;0.44;9.91;BRL
Rio de Janeiro;UberX;COMPLETED;2022-11-14 20:19:16 +0000 UTC;2022-11-14 20:21:50 +0000 UTC;0;0;Origem;2022-11-14 20:37:28 +0000 UTC;0;0;Destino;2.53;13.94;BRL
Rio de Janeiro;UberX;COMPLETED;2022-11-14 17:21:02 +0000 UTC;2022-11-14 17:25:22 +0000 UTC;0;0;Origem;2022-11-14 17:38:29 +0000 UTC;0;0;Destino;2.27;11.92;BRL
Rio de Janeiro;UberX;COMPLETED;2022-11-14 13:15:09 +0000 UTC;2022-11-14 13:19:06 +0000 UTC;0;0;Origem;2022-11-14 13:25:25 +0000 UTC;0;0;Destino;1.05;8.9;BRL
Rio de Janeiro;UberX;COMPLETED;2022-11-13 21:13:26 +0000 UTC;2022-11-13 21:17:22 +0000 UTC;0;0;Origem;2022-11-13 21:42:32 +0000 UTC;0;0;Destino;8.73;24.91;BRL
Rio de Janeiro;UberX;COMPLETED;2022-11-13 16:37:25 +0000 UTC;2022-11-13 16:41:58 +0000 UTC;0;0;Origem;2022-11-13 16:50:53 +0000 UTC;0;0;Destino;4.08;14.94;BRL
Rio de Janeiro;UberX;COMPLETED;2022-11-12 18:47:07 +0000 UTC;2022-11-12 18:52:56 +0000 UTC;0;0;Origem;2022-11-12 19:04:35 +0000 UTC;0;0;Destino;2.51;19.96;BRL
Rio de Janeiro;UberX;CANCELED;2022-11-12 18:09:48 +0000 UTC;1970-01-01 00:00:00 +0000 UTC;0;0;Origem;1970-01-01 00:00:00 +0000 UTC;0;0;Destino;0.0;0.0;BRL
Rio de Janeiro;UberX;COMPLETED;2022-11-12 15:24:40 +0000 UTC;2022-11-12 15:28:12 +0000 UTC;0;0;Origem;2022-11-12 15:53:47 +0000 UTC;0;0;Destino;2.21;12.95;BRL
Rio de Janeiro;UberX;COMPLETED;2022-11-06 17:57:31 +0000 UTC;2022-11-06 17:58:51 +0000 UTC;0;0;Origem;2022-11-06 18:08:19 +0000 UTC;0;0;Destino;2.24;10.94;BRL
Rio de Janeiro;UberX;CANCELED;2022-11-06 17:56:28 +0000 UTC;1970-01-01 00:00:00 +0000 UTC;0;0;Origem;1970-01-01 00:00:00 +0000 UTC;0;0;Destino;0.0;0.0;BRL
Rio de Janeiro;UberX;COMPLETED;2022-11-06 12:03:31 +0000 UTC;2022-11-06 12:06:43 +0000 UTC;0;0;Origem;2022-11-06 12:15:14 +0000 UTC;0;0;Destino;2.25;14.95;BRL
Rio de Janeiro;UberX;COMPLETED;2022-11-05 23:24:48 +0000 UTC;2022-11-05 23:29:57 +0000 UTC;0;0;Origem;2022-11-05 23:40:15 +0000 UTC;0;0;Destino;2.2;14.97;BRL
Rio de Janeiro;UberX;COMPLETED;2022-11-05 19:45:45 +0000 UTC;2022-11-05 19:47:59 +0000 UTC;0;0;Origem;2022-11-05 19:58:06 +0000 UTC;0;0;Destino;2.23;11.97;BRL
Rio de Janeiro;UberX;COMPLETED;2022-11-02 18:25:27 +0000 UTC;2022-11-02 18:26:36 +0000 UTC;0;0;Origem;2022-11-02 18:42:24 +0000 UTC;0;0;Destino;2.64;12.96;BRL
Rio de Janeiro;UberX;COMPLETED;2022-11-02 17:12:10 +0000 UTC;2022-11-02 17:17:06 +0000 UTC;0;0;Origem;2022-11-02 17:27:41 +0000 UTC;0;0;Destino;1.99;19.91;BRL
Rio de Janeiro;UberX;CANCELED;2022-11-02 17:09:55 +0000 UTC;1970-01-01 00:00:00 +0000 UTC;0;0;Origem;1970-01-01 00:00:00 +0000 UTC;0;0;Destino;0.0;0.0;BRL
Rio de Janeiro;UberX;CANCELED;2022-11-02 17:07:51 +0000 UTC;1970-01-01 00:00:00 +0000 UTC;0;0;Origem;1970-01-01 00:00:00 +0000 UTC;0;0;Destino;0.0;0.0;BRL
Rio de Janeiro;UberX;COMPLETED;2022-10-23 01:19:55 +0000 UTC;2022-10-23 01:23:07 +0000 UTC;0;0;Origem;2022-10-23 02:18:35 +0000 UTC;0;0;Destino;24.99;74.98;BRL
Rio de Janeiro;UberX;COMPLETED;2022-10-22 19:56:49 +0000 UTC;2022-10-22 19:59:00 +0000 UTC;0;0;Origem;2022-10-22 20:45:25 +0000 UTC;0;0;Destino;24.08;54.92;BRL
Rio de Janeiro;UberX;COMPLETED;2022-10-22 14:45:51 +0000 UTC;2022-10-22 14:47:01 +0000 UTC;0;0;Origem;2022-10-22 15:03:56 +0000 UTC;0;0;Destino;2.47;14.98;BRL
Rio de Janeiro;UberX;COMPLETED;2022-10-22 14:00:02 +0000 UTC;2022-10-22 14:02:11 +0000 UTC;0;0;Origem;2022-10-22 14:16:00 +0000 UTC;0;0;Destino;2.49;12.92;BRL
Rio de Janeiro;UberX;COMPLETED;2022-10-15 20:52:11 +0000 UTC;2022-10-15 20:55:00 +0000 UTC;0;0;Origem;2022-10-15 21:18:59 +0000 UTC;0;0;Destino;12.34;32.96;BRL
Rio de Janeiro;UberX;COMPLETED;2022-10-15 17:44:41 +0000 UTC;2022-10-15 17:55:55 +0000 UTC;0;0;Origem;2022-10-15 18:17:53 +0000 UTC;0;0;Destino;10.68;29.99;BRL
Rio de Janeiro;UberX;COMPLETED;2022-10-12 22:42:15 +0000 UTC;2022-10-12 22:51:30 +0000 UTC;0;0;Origem;2022-10-12 23:05:09 +0000 UTC;0;0;Destino;2.5;19.93;BRL
Rio de Janeiro;UberX;COMPLETED;2022-10-12 16:26:01 +0000 UTC;2022-10-12 16:30:48 +0000 UTC;0;0;Origem;2022-10-12 16:45:17 +0000 UTC;0;0;Destino;2.33;13.91;BRL
Rio de Janeiro;UberX;COMPLETED;2022-10-10 16:56:54 +0000 UTC;2022-10-10 16:57:26 +0000 UTC;0;0;Origem;2022-10-10 17:14:49 +0000 UTC;0;0;Destino;2.5;13.93;BRL
Rio de Janeiro;UberX;COMPLETED;2022-10-10 01:26:26 +0000 UTC;2022-10-10 01:35:54 +0000 UTC;0;0;Origem;2022-10-10 02:03:06 +0000 UTC;0;0;Destino;13.68;39.95;BRL
Rio de Janeiro;UberX;COMPLETED;2022-10-09 20:59:43 +0000 UTC;2022-10-09 21:13:03 +0000 UTC;0;0;Origem;2022-10-09 21:42:12 +0000 UTC;0;0;Destino;12.0;39.92;BRL
Rio de Janeiro;UberX;COMPLETED;2022-10-09 01:00:15 +0000 UTC;2022-10-09 01:04:59 +0000 UTC;0;0;Origem;2022-10-09 01:18:23 +0000 UTC;0;0;Destino;2.62;20.05;BRL
Rio de Janeiro;UberX;COMPLETED;2022-10-08 22:32:11 +0000 UTC;2022-10-08 22:35:23 +0000 UTC;0;0;Origem;2022-10-08 22:51:12 +0000 UTC;0;0;Destino;2.37;12.93;BRL
Rio de Janeiro;UberX;COMPLETED;2022-09-25 21:38:16 +0000 UTC;2022-09-25 21:39:28 +0000 UTC;0;0;Origem;2022-09-25 21:50:20 +0000 UTC;0;0;Destino;2.27;12.99;BRL
Rio de Janeiro;UberX;COMPLETED;2022-09-25 18:53:16 +0000 UTC;2022-09-25 18:55:41 +0000 UTC;0;0;Origem;2022-09-25 19:09:39 +0000 UTC;0;0;Destino;2.27;11.94;BRL
Rio de Janeiro;UberX;COMPLETED;2022-09-25 10:01:48 +0000 UTC;2022-09-25 10:02:46 +0000 UTC;0;0;Origem;2022-09-25 10:32:31 +0000 UTC;0;0;Destino;15.37;40.44;BRL
Rio de Janeiro;UberX;COMPLETED;2022-09-21 14:24:19 +0000 UTC;2022-09-21 14:28:31 +0000 UTC;0;0;Origem;2022-09-21 14:39:16 +0000 UTC;0;0;Destino;2.03;11.96;BRL
Rio de Janeiro;UberX;COMPLETED;2022-09-18 00:57:21 +0000 UTC;2022-09-18 01:01:05 +0000 UTC;0;0;Origem;2022-09-18 01:11:32 +0000 UTC;0;0;Destino;2.49;19.97;BRL
Rio de Janeiro;UberX;CANCELED;2022-09-18 00:51:01 +0000 UTC;1970-01-01 00:00:00 +0000 UTC;0;0;Origem;1970-01-01 00:00:00 +0000 UTC;0;0;Destino;0.0;0.0;BRL
Rio de Janeiro;UberX;COMPLETED;2022-09-17 21:41:07 +0000 UTC;2022-09-17 21:43:46 +0000 UTC;0;0;Origem;2022-09-17 21:54:52 +0000 UTC;0;0;Destino;2.13;12.92;BRL
Rio de Janeiro;UberX;COMPLETED;2022-09-17 16:04:14 +0000 UTC;2022-09-17 16:07:47 +0000 UTC;0;0;Origem;2022-09-17 16:22:32 +0000 UTC;0;0;Destino;2.49;13.91;BRL
Rio de Janeiro;UberX;COMPLETED;2022-09-17 14:54:51 +0000 UTC;2022-09-17 14:57:00 +0000 UTC;0;0;Origem;2022-09-17 15:04:45 +0000 UTC;0;0;Destino;1.23;8.9;BRL
Rio de Janeiro;UberX;COMPLETED;2022-09-17 12:26:37 +0000 UTC;2022-09-17 12:29:53 +0000 UTC;0;0;Origem;2022-09-17 12:44:39 +0000 UTC;0;0;Destino;2.22;12.99;BRL
Rio de Janeiro;UberX;COMPLETED;2022-09-12 19:49:24 +0000 UTC;2022-09-12 19:54:49 +0000 UTC;0;0;Origem;2022-09-12 21:07:54 +0000 UTC;0;0;Destino;17.16;79.94;BRL
Rio de Janeiro;UberX;COMPLETED;2022-09-08 08:43:57 +0000 UTC;2022-09-08 08:47:39 +0000 UTC;0;0;Origem;2022-09-08 09:12:24 +0000 UTC;0;0;Destino;14.87;39.97;BRL
Rio de Janeiro;UberX;COMPLETED;2022-09-03 23:57:24 +0000 UTC;2022-09-04 00:01:00 +0000 UTC;0;0;Origem;2022-09-04 00:13:19 +0000 UTC;0;0;Destino;2.5;12.98;BRL
Rio de Janeiro;UberX;COMPLETED;2022-09-03 19:43:23 +0000 UTC;2022-09-03 19:46:06 +0000 UTC;0;0;Origem;2022-09-03 19:57:41 +0000 UTC;0;0;Destino;2.32;12.9;BRL
Rio de Janeiro;UberX;COMPLETED;2022-08-28 23:15:41 +0000 UTC;2022-08-28 23:18:13 +0000 UTC;0;0;Origem;2022-08-28 23:36:09 +0000 UTC;0;0;Destino;7.83;24.96;BRL
Rio de Janeiro;UberX;COMPLETED;2022-08-28 19:13:45 +0000 UTC;2022-08-28 19:22:21 +0000 UTC;0;0;Origem;2022-08-28 19:43:35 +0000 UTC;0;0;Destino;7.95;24.95;BRL
Rio de Janeiro;UberX;CANCELED;2022-08-28 19:09:59 +0000 UTC;1970-01-01 00:00:00 +0000 UTC;0;0;Origem;1970-01-01 00:00:00 +0000 UTC;0;0;Destino;0.0;0.0;BRL
Rio de Janeiro;UberX;DRIVER_CANCELED;2022-08-28 19:04:19 +0000 UTC;1970-01-01 00:00:00 +0000 UTC;0;0;Origem;1970-01-01 00:00:00 +0000 UTC;0;0;Destino;0.0;0.0;BRL
Rio de Janeiro;UberX;COMPLETED;2022-08-20 18:10:28 +0000 UTC;2022-08-20 18:11:33 +0000 UTC;0;0;Origem;2022-08-20 18:25:01 +0000 UTC;0;0;Destino;2.5;12.98;BRL
Rio de Janeiro;UberX;COMPLETED;2022-08-20 15:15:01 +0000 UTC;2022-08-20 15:17:33 +0000 UTC;0;0;Origem;2022-08-20 15:34:01 +0000 UTC;0;0;Destino;2.45;13.98;BRL
Rio de Janeiro;UberX;COMPLETED;2022-08-19 21:35:08 +0000 UTC;2022-08-19 21:42:07 +0000 UTC;0;0;Origem;2022-08-19 22:56:06 +0000 UTC;0;0;Destino;15.62;59.91;BRL
Rio de Janeiro;;UNFULFILLED;2022-08-19 21:27:51 +0000 UTC;1970-01-01 00:00:00 +0000 UTC;0;0;Origem;1970-01-01 00:00:00 +0000 UTC;0;0;Destino;0.0;0.0;BRL
Rio de Janeiro;UberX;COMPLETED;2022-08-14 20:26:31 +0000 UTC;2022-08-14 20:35:05 +0000 UTC;0;0;Origem;2022-08-14 20:58:01 +0000 UTC;0;0;Destino;8.71;39.97;BRL
Rio de Janeiro;UberX;COMPLETED;2022-08-14 18:14:14 +0000 UTC;2022-08-14 18:24:24 +0000 UTC;0;0;Origem;2022-08-14 18:41:35 +0000 UTC;0;0;Destino;7.55;24.97;BRL
Rio de Janeiro;UberX;COMPLETED;2022-08-14 16:00:47 +0000 UTC;2022-08-14 16:08:07 +0000 UTC;0;0;Origem;2022-08-14 16:22:08 +0000 UTC;0;0;Destino;2.32;34.96;BRL
Rio de Janeiro;UberX;COMPLETED;2022-08-14 11:52:24 +0000 UTC;2022-08-14 11:56:10 +0000 UTC;0;0;Origem;2022-08-14 12:01:47 +0000 UTC;0;0;Destino;1.81;9.92;BRL
Rio de Janeiro;UberX;COMPLETED;2022-08-06 18:32:54 +0000 UTC;2022-08-06 18:36:53 +0000 UTC;0;0;Origem;2022-08-06 18:50:55 +0000 UTC;0;0;Destino;2.5;13.98;BRL
Rio de Janeiro;UberX;COMPLETED;2022-08-06 15:48:58 +0000 UTC;2022-08-06 15:58:57 +0000 UTC;0;0;Origem;2022-08-06 16:13:07 +0000 UTC;0;0;Destino;2.24;12.96;BRL
Rio de Janeiro;UberX;COMPLETED;2022-08-03 21:28:14 +0000 UTC;2022-08-03 21:36:54 +0000 UTC;0;0;Origem;2022-08-03 22:09:08 +0000 UTC;0;0;Destino;7.8;29.97;BRL
Rio de Janeiro;UberX;COMPLETED;2022-07-31 22:46:35 +0000 UTC;2022-07-31 22:52:02 +0000 UTC;0;0;Origem;2022-07-31 23:03:16 +0000 UTC;0;0;Destino;2.5;12.95;BRL
Rio de Janeiro;UberX;COMPLETED;2022-07-31 20:38:28 +0000 UTC;2022-07-31 20:42:24 +0000 UTC;0;0;Origem;2022-07-31 21:03:21 +0000 UTC;0;0;Destino;8.04;24.96;BRL
Rio de Janeiro;UberX;COMPLETED;2022-07-25 18:48:47 +0000 UTC;2022-07-25 18:53:10 +0000 UTC;0;0;Origem;2022-07-25 19:10:34 +0000 UTC;0;0;Destino;2.76;13.95;BRL
Rio de Janeiro;UberX;COMPLETED;2022-07-22 10:58:30 +0000 UTC;2022-07-22 11:06:52 +0000 UTC;0;0;Origem;2022-07-22 11:21:15 +0000 UTC;0;0;Destino;2.94;13.93;BRL
Rio de Janeiro;UberX;COMPLETED;2022-07-21 17:50:39 +0000 UTC;2022-07-21 17:53:58 +0000 UTC;0;0;Origem;2022-07-21 18:30:46 +0000 UTC;0;0;Destino;8.85;24.96;BRL
Rio de Janeiro;UberX;COMPLETED;2022-07-21 17:10:28 +0000 UTC;2022-07-21 17:23:57 +0000 UTC;0;0;Origem;2022-07-21 17:45:11 +0000 UTC;0;0;Destino;9.59;27.93;BRL
Rio de Janeiro;UberX;COMPLETED;2022-07-19 23:23:07 +0000 UTC;2022-07-19 23:26:29 +0000 UTC;0;0;Origem;2022-07-19 23:40:38 +0000 UTC;0;0;Destino;2.49;14.95;BRL
Rio de Janeiro;UberX;COMPLETED;2022-07-19 21:42:56 +0000 UTC;2022-07-19 21:45:22 +0000 UTC;0;0;Origem;2022-07-19 21:59:48 +0000 UTC;0;0;Destino;2.74;12.96;BRL
Rio de Janeiro;UberX;COMPLETED;2022-07-17 20:42:55 +0000 UTC;2022-07-17 20:49:08 +0000 UTC;0;0;Origem;2022-07-17 21:03:45 +0000 UTC;0;0;Destino;3.94;16.91;BRL
Rio de Janeiro;UberX;COMPLETED;2022-07-17 17:49:10 +0000 UTC;2022-07-17 17:55:24 +0000 UTC;0;0;Origem;2022-07-17 18:12:58 +0000 UTC;0;0;Destino;4.09;19.99;BRL
Rio de Janeiro;UberX;COMPLETED;2022-07-17 03:48:46 +0000 UTC;2022-07-17 03:54:54 +0000 UTC;0;0;Origem;2022-07-17 04:21:14 +0000 UTC;0;0;Destino;11.9;39.99;BRL
Rio de Janeiro;UberX;COMPLETED;2022-07-16 22:28:09 +0000 UTC;2022-07-16 22:38:57 +0000 UTC;0;0;Origem;2022-07-16 23:10:26 +0000 UTC;0;0;Destino;12.0;34.91;BRL
Rio de Janeiro;;UNFULFILLED;2022-07-16 22:21:15 +0000 UTC;1970-01-01 00:00:00 +0000 UTC;0;0;Origem;1970-01-01 00:00:00 +0000 UTC;0;0;Destino;0.0;0.0;BRL
Rio de Janeiro;UberX;CANCELED;2022-07-16 22:19:49 +0000 UTC;1970-01-01 00:00:00 +0000 UTC;0;0;Origem;1970-01-01 00:00:00 +0000 UTC;0;0;Destino;0.0;0.0;BRL
Rio de Janeiro;UberX;COMPLETED;2022-07-12 13:36:51 +0000 UTC;2022-07-12 13:42:17 +0000 UTC;0;0;Origem;2022-07-12 13:58:19 +0000 UTC;0;0;Destino;2.36;13.98;BRL
Rio de Janeiro;UberX;COMPLETED;2022-07-12 11:41:45 +0000 UTC;2022-07-12 11:47:00 +0000 UTC;0;0;Origem;2022-07-12 12:05:17 +0000 UTC;0;0;Destino;2.71;19.9;BRL
Rio de Janeiro;UberX;COMPLETED;2022-07-02 20:13:18 +0000 UTC;2022-07-02 20:18:20 +0000 UTC;0;0;Origem;2022-07-02 20:33:16 +0000 UTC;0;0;Destino;2.51;13.0;BRL
Rio de Janeiro;UberX;COMPLETED;2022-07-02 17:53:42 +0000 UTC;2022-07-02 18:00:11 +0000 UTC;0;0;Origem;2022-07-02 18:10:55 +0000 UTC;0;0;Destino;2.4;19.95;BRL
Rio de Janeiro;UberX;COMPLETED;2022-06-29 22:46:34 +0000 UTC;2022-06-29 22:48:12 +0000 UTC;0;0;Origem;2022-06-29 23:03:45 +0000 UTC;0;0;Destino;2.5;13.97;BRL
Rio de Janeiro;UberX;COMPLETED;2022-06-25 19:32:08 +0000 UTC;2022-06-25 19:37:22 +0000 UTC;0;0;Origem;2022-06-25 19:51:10 +0000 UTC;0;0;Destino;2.35;13.99;BRL
Rio de Janeiro;UberX;COMPLETED;2022-06-25 16:08:12 +0000 UTC;2022-06-25 16:12:21 +0000 UTC;0;0;Origem;2022-06-25 16:27:50 +0000 UTC;0;0;Destino;2.3;12.98;BRL
Rio de Janeiro;UberX;COMPLETED;2022-06-18 18:44:44 +0000 UTC;2022-06-18 18:46:13 +0000 UTC;0;0;Origem;2022-06-18 18:58:48 +0000 UTC;0;0;Destino;2.5;11.91;BRL
Rio de Janeiro;UberX;COMPLETED;2022-06-18 14:05:11 +0000 UTC;2022-06-18 14:06:59 +0000 UTC;0;0;Origem;2022-06-18 14:20:49 +0000 UTC;0;0;Destino;2.26;12.94;BRL
Rio de Janeiro;UberX;COMPLETED;2022-06-07 23:37:26 +0000 UTC;2022-06-07 23:44:34 +0000 UTC;0;0;Origem;2022-06-07 23:58:03 +0000 UTC;0;0;Destino;2.47;13.96;BRL
Rio de Janeiro;UberX;CANCELED;2022-06-07 23:34:39 +0000 UTC;1970-01-01 00:00:00 +0000 UTC;0;0;Origem;1970-01-01 00:00:00 +0000 UTC;0;0;Destino;0.0;0.0;BRL
Rio de Janeiro;UberX;COMPLETED;2022-06-07 21:54:17 +0000 UTC;2022-06-07 22:01:10 +0000 UTC;0;0;Origem;2022-06-07 22:17:16 +0000 UTC;0;0;Destino;2.59;14.99;BRL
Rio de Janeiro;UberX;COMPLETED;2022-05-14 21:47:19 +0000 UTC;2022-05-14 21:49:10 +0000 UTC;0;0;Origem;2022-05-14 22:03:15 +0000 UTC;0;0;Destino;2.48;14.98;BRL
Rio de Janeiro;UberX;CANCELED;2022-05-14 21:46:57 +0000 UTC;1970-01-01 00:00:00 +0000 UTC;0;0;Origem;1970-01-01 00:00:00 +0000 UTC;0;0;Destino;0.0;0.0;BRL
Rio de Janeiro;UberX;COMPLETED;2022-05-14 19:30:07 +0000 UTC;2022-05-14 19:34:30 +0000 UTC;0;0;Origem;2022-05-14 19:47:33 +0000 UTC;0;0;Destino;2.33;14.99;BRL
Rio de Janeiro;UberX;COMPLETED;2022-05-12 21:59:57 +0000 UTC;2022-05-12 22:03:58 +0000 UTC;0;0;Origem;2022-05-12 22:23:25 +0000 UTC;0;0;Destino;2.52;14.98;BRL
Rio de Janeiro;UberX;CANCELED;2022-05-12 21:58:32 +0000 UTC;1970-01-01 00:00:00 +0000 UTC;0;0;Origem;1970-01-01 00:00:00 +0000 UTC;0;0;Destino;0.0;0.0;BRL
Rio de Janeiro;VIP;COMPLETED;2022-05-12 11:02:17 +0000 UTC;2022-05-12 11:11:12 +0000 UTC;0;0;Origem;2022-05-12 12:37:01 +0000 UTC;0;0;Destino;15.46;49.92;BRL
Rio de Janeiro;UberX;COMPLETED;2022-05-08 00:15:31 +0000 UTC;2022-05-08 00:17:06 +0000 UTC;0;0;Origem;2022-05-08 00:26:57 +0000 UTC;0;0;Destino;2.94;19.93;BRL
Rio de Janeiro;UberX;COMPLETED;2022-05-07 19:45:19 +0000 UTC;2022-05-07 19:51:56 +0000 UTC;0;0;Origem;2022-05-07 20:10:25 +0000 UTC;0;0;Destino;3.79;24.92;BRL
Rio de Janeiro;UberX;COMPLETED;2022-05-04 00:32:44 +0000 UTC;2022-05-04 00:36:09 +0000 UTC;0;0;Origem;2022-05-04 00:47:53 +0000 UTC;0;0;Destino;2.51;11.9;BRL
Rio de Janeiro;UberX;COMPLETED;2022-05-03 22:23:34 +0000 UTC;2022-05-03 22:28:04 +0000 UTC;0;0;Origem;2022-05-03 22:42:51 +0000 UTC;0;0;Destino;2.45;17.93;BRL
Rio de Janeiro;UberX;COMPLETED;2022-04-22 22:45:16 +0000 UTC;2022-04-22 22:48:42 +0000 UTC;0;0;Origem;2022-04-22 23:00:31 +0000 UTC;0;0;Destino;2.48;13.98;BRL
Rio de Janeiro;UberX;COMPLETED;2022-04-22 18:51:54 +0000 UTC;2022-04-22 18:54:51 +0000 UTC;0;0;Origem;2022-04-22 19:10:16 +0000 UTC;0;0;Destino;2.54;11.98;BRL
Rio de Janeiro;UberX;CANCELED;2022-04-20 00:50:13 +0000 UTC;1970-01-01 00:00:00 +0000 UTC;0;0;Origem;1970-01-01 00:00:00 +0000 UTC;0;0;Destino;0.0;0.0;BRL
Rio de Janeiro;UberX;CANCELED;2022-04-20 00:48:53 +0000 UTC;1970-01-01 00:00:00 +0000 UTC;0;0;Origem;1970-01-01 00:00:00 +0000 UTC;0;0;Destino;0.0;0.0;BRL
Rio de Janeiro;UberX;COMPLETED;2022-04-19 20:54:58 +0000 UTC;2022-04-19 20:58:39 +0000 UTC;0;0;Origem;2022-04-19 22:41:14 +0000 UTC;0;0;Destino;16.73;54.9;BRL
Rio de Janeiro;UberX;CANCELED;2022-04-19 20:54:29 +0000 UTC;1970-01-01 00:00:00 +0000 UTC;0;0;Origem;1970-01-01 00:00:00 +0000 UTC;0;0;Destino;0.0;0.0;BRL
Rio de Janeiro;UberX;CANCELED;2022-04-19 20:53:16 +0000 UTC;1970-01-01 00:00:00 +0000 UTC;0;0;Origem;1970-01-01 00:00:00 +0000 UTC;0;0;Destino;0.0;0.0;BRL
Rio de Janeiro;UberX;COMPLETED;2022-04-19 11:29:46 +0000 UTC;2022-04-19 11:31:46 +0000 UTC;0;0;Origem;2022-04-19 12:33:24 +0000 UTC;0;0;Destino;14.58;44.95;BRL
Rio de Janeiro;UberX;COMPLETED;2022-04-18 02:09:03 +0000 UTC;2022-04-18 02:14:13 +0000 UTC;0;0;Origem;2022-04-18 02:33:55 +0000 UTC;0;0;Destino;10.94;42.98;BRL
Rio de Janeiro;UberX;COMPLETED;2022-04-17 22:42:04 +0000 UTC;2022-04-17 22:51:27 +0000 UTC;0;0;Origem;2022-04-17 23:12:11 +0000 UTC;0;0;Destino;10.56;29.97;BRL
Rio de Janeiro;;UNFULFILLED;2022-04-17 22:36:26 +0000 UTC;1970-01-01 00:00:00 +0000 UTC;0;0;Origem;1970-01-01 00:00:00 +0000 UTC;0;0;Destino;0.0;0.0;BRL
Rio de Janeiro;UberX;CANCELED;2022-04-17 22:32:24 +0000 UTC;1970-01-01 00:00:00 +0000 UTC;0;0;Origem;1970-01-01 00:00:00 +0000 UTC;0;0;Destino;0.0;0.0;BRL
Rio de Janeiro;UberX;COMPLETED;2022-04-13 02:07:24 +0000 UTC;2022-04-13 02:12:48 +0000 UTC;0;0;Origem;2022-04-13 02:25:19 +0000 UTC;0;0;Destino;3.81;13.3;BRL
Rio de Janeiro;UberX;COMPLETED;2022-04-12 23:08:38 +0000 UTC;2022-04-12 23:18:32 +0000 UTC;0;0;Origem;2022-04-12 23:33:45 +0000 UTC;0;0;Destino;2.27;14.96;BRL
Rio de Janeiro;UberX;COMPLETED;2022-04-11 22:11:18 +0000 UTC;2022-04-11 22:22:13 +0000 UTC;0;0;Origem;2022-04-11 22:48:23 +0000 UTC;0;0;Destino;7.94;29.92;BRL
Rio de Janeiro;UberX;CANCELED;2022-04-11 22:06:04 +0000 UTC;1970-01-01 00:00:00 +0000 UTC;0;0;Origem;1970-01-01 00:00:00 +0000 UTC;0;0;Destino;0.0;0.0;BRL
Rio de Janeiro;UberX;COMPLETED;2022-04-02 22:20:00 +0000 UTC;2022-04-02 22:21:36 +0000 UTC;0;0;Origem;2022-04-02 22:33:06 +0000 UTC;0;0;Destino;2.64;14.99;BRL
Rio de Janeiro;UberX;COMPLETED;2022-04-02 20:10:18 +0000 UTC;2022-04-02 20:15:47 +0000 UTC;0;0;Origem;2022-04-02 20:27:07 +0000 UTC;0;0;Destino;2.2;17.98;BRL
Rio de Janeiro;UberX;COMPLETED;2022-04-01 12:56:39 +0000 UTC;2022-04-01 12:58:28 +0000 UTC;0;0;Origem;2022-04-01 13:43:07 +0000 UTC;0;0;Destino;15.09;44.93;BRL
Rio de Janeiro;UberX;COMPLETED;2022-04-01 11:28:29 +0000 UTC;2022-04-01 11:39:40 +0000 UTC;0;0;Origem;2022-04-01 12:39:57 +0000 UTC;0;0;Destino;14.92;44.97;BRL
Rio de Janeiro;UberX;COMPLETED;2022-03-27 21:28:14 +0000 UTC;2022-03-27 21:31:29 +0000 UTC;0;0;Origem;2022-03-27 21:43:20 +0000 UTC;0;0;Destino;2.5;12.9;BRL
Rio de Janeiro;UberX;COMPLETED;2022-03-27 18:57:07 +0000 UTC;2022-03-27 18:59:38 +0000 UTC;0;0;Origem;2022-03-27 19:11:57 +0000 UTC;0;0;Destino;2.34;11.93;BRL
Rio de Janeiro;UberX;COMPLETED;2022-03-24 22:51:56 +0000 UTC;2022-03-24 22:54:45 +0000 UTC;0;0;Origem;2022-03-24 23:07:44 +0000 UTC;0;0;Destino;2.29;12.98;BRL
Rio de Janeiro;UberX;COMPLETED;2022-03-20 02:02:14 +0000 UTC;2022-03-20 02:22:11 +0000 UTC;0;0;Origem;2022-03-20 02:38:59 +0000 UTC;0;0;Destino;6.86;39.97;BRL
Rio de Janeiro;UberX;COMPLETED;2022-03-19 22:43:36 +0000 UTC;2022-03-19 22:45:08 +0000 UTC;0;0;Origem;2022-03-19 23:16:08 +0000 UTC;0;0;Destino;6.59;26.95;BRL
Rio de Janeiro;VIP;CANCELED;2022-03-19 22:41:10 +0000 UTC;1970-01-01 00:00:00 +0000 UTC;0;0;Origem;1970-01-01 00:00:00 +0000 UTC;0;0;Destino;0.0;0.0;BRL
Rio de Janeiro;VIP;CANCELED;2022-03-19 22:36:52 +0000 UTC;1970-01-01 00:00:00 +0000 UTC;0;0;Origem;1970-01-01 00:00:00 +0000 UTC;0;0;Destino;0.0;0.0;BRL
Rio de Janeiro;VIP;COMPLETED;2022-02-23 03:38:12 +0000 UTC;2022-02-23 03:45:44 +0000 UTC;0;0;Origem;2022-02-23 03:50:42 +0000 UTC;0;0;Destino;1.68;8.66;BRL
Rio de Janeiro;VIP;COMPLETED;2022-02-22 23:15:55 +0000 UTC;2022-02-22 23:21:38 +0000 UTC;0;0;Origem;2022-02-22 23:32:12 +0000 UTC;0;0;Destino;1.75;9.83;BRL
Rio de Janeiro;VIP;COMPLETED;2022-02-19 22:11:48 +0000 UTC;2022-02-19 22:17:03 +0000 UTC;0;0;Origem;2022-02-19 22:30:42 +0000 UTC;0;0;Destino;2.51;19.95;BRL
Rio de Janeiro;VIP;COMPLETED;2022-02-19 19:26:54 +0000 UTC;2022-02-19 19:33:43 +0000 UTC;0;0;Origem;2022-02-19 19:47:33 +0000 UTC;0;0;Destino;2.31;11.69;BRL
Rio de Janeiro;VIP;COMPLETED;2022-02-12 13:39:44 +0000 UTC;2022-02-12 13:48:32 +0000 UTC;0;0;Origem;2022-02-12 13:58:41 +0000 UTC;0;0;Destino;1.18;6.61;BRL
Rio de Janeiro;VIP;COMPLETED;2022-02-06 00:46:39 +0000 UTC;2022-02-06 00:52:58 +0000 UTC;0;0;Origem;2022-02-06 01:07:06 +0000 UTC;0;0;Destino;2.77;22.92;BRL
Rio de Janeiro;Black;CANCELED;2022-02-06 00:45:15 +0000 UTC;1970-01-01 00:00:00 +0000 UTC;0;0;Origem;1970-01-01 00:00:00 +0000 UTC;0;0;Destino;0.0;0.0;BRL
Rio de Janeiro;UberX;CANCELED;2022-02-06 00:40:18 +0000 UTC;1970-01-01 00:00:00 +0000 UTC;0;0;Origem;1970-01-01 00:00:00 +0000 UTC;0;0;Destino;0.0;0.0;BRL
Rio de Janeiro;UberX;COMPLETED;2022-02-05 20:59:37 +0000 UTC;2022-02-05 21:03:01 +0000 UTC;0;0;Origem;2022-02-05 21:11:52 +0000 UTC;0;0;Destino;2.64;11.96;BRL
Rio de Janeiro;UberX;COMPLETED;2022-02-04 19:16:56 +0000 UTC;2022-02-04 19:23:00 +0000 UTC;0;0;Origem;2022-02-04 19:46:48 +0000 UTC;0;0;Destino;2.91;14.96;BRL
Rio de Janeiro;UberX;COMPLETED;2022-01-27 22:20:44 +0000 UTC;2022-01-27 22:28:13 +0000 UTC;0;0;Origem;2022-01-27 22:45:21 +0000 UTC;0;0;Destino;3.48;19.96;BRL
Rio de Janeiro;UberX;COMPLETED;2022-01-26 00:11:36 +0000 UTC;2022-01-26 00:15:05 +0000 UTC;0;0;Origem;2022-01-26 00:25:31 +0000 UTC;0;0;Destino;2.5;10.93;BRL
Rio de Janeiro;UberX;COMPLETED;2022-01-25 22:06:34 +0000 UTC;2022-01-25 22:08:51 +0000 UTC;0;0;Origem;2022-01-25 22:25:03 +0000 UTC;0;0;Destino;2.64;12.38;BRL
Rio de Janeiro;UberX;COMPLETED;2022-01-20 23:15:59 +0000 UTC;2022-01-20 23:22:15 +0000 UTC;0;0;Origem;2022-01-20 23:33:06 +0000 UTC;0;0;Destino;1.11;8.92;BRL
Rio de Janeiro;Black;CANCELED;2022-01-20 23:14:59 +0000 UTC;1970-01-01 00:00:00 +0000 UTC;0;0;Origem;1970-01-01 00:00:00 +0000 UTC;0;0;Destino;0.0;0.0;BRL
Rio de Janeiro;VIP;CANCELED;2022-01-20 23:13:20 +0000 UTC;1970-01-01 00:00:00 +0000 UTC;0;0;Origem;1970-01-01 00:00:00 +0000 UTC;0;0;Destino;0.0;0.0;BRL
Rio de Janeiro;VIP;COMPLETED;2022-01-19 19:41:50 +0000 UTC;2022-01-19 19:42:49 +0000 UTC;0;0;Origem;2022-01-19 19:58:19 +0000 UTC;0;0;Destino;2.51;11.36;BRL
Rio de Janeiro;VIP;COMPLETED;2022-01-19 18:06:01 +0000 UTC;2022-01-19 18:09:21 +0000 UTC;0;0;Origem;2022-01-19 18:20:16 +0000 UTC;0;0;Destino;2.31;10.96;BRL
Rio de Janeiro;VIP;COMPLETED;2022-01-13 21:19:42 +0000 UTC;2022-01-13 21:25:32 +0000 UTC;0;0;Origem;2022-01-13 21:41:23 +0000 UTC;0;0;Destino;3.7;14.99;BRL
Rio de Janeiro;VIP;COMPLETED;2022-01-13 19:53:36 +0000 UTC;2022-01-13 19:54:51 +0000 UTC;0;0;Origem;2022-01-13 20:06:35 +0000 UTC;0;0;Destino;2.4;10.99;BRL
Rio de Janeiro;VIP;COMPLETED;2022-01-12 15:23:12 +0000 UTC;2022-01-12 15:25:18 +0000 UTC;0;0;Origem;2022-01-12 15:35:49 +0000 UTC;0;0;Destino;2.09;11.65;BRL
Rio de Janeiro;VIP;COMPLETED;2022-01-12 00:23:25 +0000 UTC;2022-01-12 00:29:19 +0000 UTC;0;0;Origem;2022-01-12 00:55:44 +0000 UTC;0;0;Destino;14.73;45.0;BRL
Rio de Janeiro;Black;COMPLETED;2021-12-31 15:26:27 +0000 UTC;2021-12-31 15:29:40 +0000 UTC;0;0;Origem;2021-12-31 15:59:07 +0000 UTC;0;0;Destino;15.21;69.63;BRL
Rio de Janeiro;;UNFULFILLED;2021-12-31 15:18:14 +0000 UTC;1970-01-01 00:00:00 +0000 UTC;0;0;Origem;1970-01-01 00:00:00 +0000 UTC;0;0;Destino;0.0;0.0;BRL
Rio de Janeiro;VIP;COMPLETED;2021-12-31 09:41:01 +0000 UTC;2021-12-31 09:45:28 +0000 UTC;0;0;Origem;2021-12-31 10:34:21 +0000 UTC;0;0;Destino;14.73;50.06;BRL
Rio de Janeiro;VIP;COMPLETED;2021-12-31 08:26:14 +0000 UTC;2021-12-31 08:34:26 +0000 UTC;0;0;Origem;2021-12-31 09:02:18 +0000 UTC;0;0;Destino;14.86;49.92;BRL
Rio de Janeiro;VIP;COMPLETED;2021-12-30 02:30:50 +0000 UTC;2021-12-30 02:35:58 +0000 UTC;0;0;Origem;2021-12-30 02:45:36 +0000 UTC;0;0;Destino;3.81;10.97;BRL
Rio de Janeiro;VIP;COMPLETED;2021-12-29 22:54:34 +0000 UTC;2021-12-29 23:01:12 +0000 UTC;0;0;Origem;2021-12-29 23:16:40 +0000 UTC;0;0;Destino;2.29;6.4;BRL
Rio de Janeiro;VIP;COMPLETED;2021-12-23 14:26:09 +0000 UTC;2021-12-23 14:28:12 +0000 UTC;0;0;Origem;2021-12-23 14:40:57 +0000 UTC;0;0;Destino;2.2;13.64;BRL
Rio de Janeiro;VIP;COMPLETED;2021-12-23 11:40:23 +0000 UTC;2021-12-23 11:48:58 +0000 UTC;0;0;Origem;2021-12-23 12:01:30 +0000 UTC;0;0;Destino;1.92;11.96;BRL
Rio de Janeiro;VIP;COMPLETED;2021-12-22 00:24:47 +0000 UTC;2021-12-22 00:27:06 +0000 UTC;0;0;Origem;2021-12-22 00:37:22 +0000 UTC;0;0;Destino;2.54;19.98;BRL
Rio de Janeiro;VIP;COMPLETED;2021-12-21 21:07:47 +0000 UTC;2021-12-21 21:13:38 +0000 UTC;0;0;Origem;2021-12-21 21:37:16 +0000 UTC;0;0;Destino;2.48;16.61;BRL
Rio de Janeiro;Black;COMPLETED;2021-12-18 05:09:09 +0000 UTC;2021-12-18 05:11:45 +0000 UTC;0;0;Origem;2021-12-18 05:33:04 +0000 UTC;0;0;Destino;14.82;87.08;BRL
Rio de Janeiro;Black;COMPLETED;2021-12-17 22:33:36 +0000 UTC;2021-12-17 22:46:09 +0000 UTC;0;0;Origem;2021-12-17 23:20:52 +0000 UTC;0;0;Destino;14.9;98.57;BRL
Rio de Janeiro;VIP;COMPLETED;2021-12-16 20:30:43 +0000 UTC;2021-12-16 20:36:30 +0000 UTC;0;0;Origem;2021-12-16 22:14:08 +0000 UTC;0;0;Destino;17.31;119.96;BRL
Rio de Janeiro;VIP;CANCELED;2021-12-16 20:23:27 +0000 UTC;1970-01-01 00:00:00 +0000 UTC;0;0;Origem;1970-01-01 00:00:00 +0000 UTC;0;0;Destino;0.0;0.0;BRL
Rio de Janeiro;VIP;COMPLETED;2021-12-16 11:31:11 +0000 UTC;2021-12-16 11:37:55 +0000 UTC;0;0;Origem;2021-12-16 12:14:07 +0000 UTC;0;0;Destino;14.58;49.94;BRL
Rio de Janeiro;UberX;COMPLETED;2021-12-14 22:35:41 +0000 UTC;2021-12-14 22:51:50 +0000 UTC;0;0;Origem;2021-12-14 23:02:05 +0000 UTC;0;0;Destino;2.27;13.91;BRL
Rio de Janeiro;UberX;COMPLETED;2021-12-08 01:04:05 +0000 UTC;2021-12-08 01:09:07 +0000 UTC;0;0;Origem;2021-12-08 01:14:48 +0000 UTC;0;0;Destino;1.25;8.68;BRL
Rio de Janeiro;UberX;COMPLETED;2021-12-07 23:35:53 +0000 UTC;2021-12-07 23:37:24 +0000 UTC;0;0;Origem;2021-12-07 23:45:43 +0000 UTC;0;0;Destino;1.07;7.96;BRL
Rio de Janeiro;UberX;COMPLETED;2021-12-05 00:48:53 +0000 UTC;2021-12-05 00:50:51 +0000 UTC;0;0;Origem;2021-12-05 01:01:58 +0000 UTC;0;0;Destino;2.51;17.94;BRL
Rio de Janeiro;UberX;COMPLETED;2021-12-04 19:01:31 +0000 UTC;2021-12-04 19:06:39 +0000 UTC;0;0;Origem;2021-12-04 19:19:56 +0000 UTC;0;0;Destino;2.27;11.97;BRL
Rio de Janeiro;VIP;CANCELED;2021-12-04 19:00:14 +0000 UTC;1970-01-01 00:00:00 +0000 UTC;0;0;Origem;1970-01-01 00:00:00 +0000 UTC;0;0;Destino;0.0;0.0;BRL
Rio de Janeiro;VIP;COMPLETED;2021-11-30 23:09:04 +0000 UTC;2021-11-30 23:14:29 +0000 UTC;0;0;Origem;2021-11-30 23:28:25 +0000 UTC;0;0;Destino;2.51;25.95;BRL
Rio de Janeiro;Black;CANCELED;2021-11-30 23:07:35 +0000 UTC;1970-01-01 00:00:00 +0000 UTC;0;0;Origem;1970-01-01 00:00:00 +0000 UTC;0;0;Destino;0.0;0.0;BRL
Rio de Janeiro;UberX;COMPLETED;2021-11-28 22:42:14 +0000 UTC;2021-11-28 22:50:39 +0000 UTC;0;0;Origem;2021-11-28 23:04:08 +0000 UTC;0;0;Destino;2.68;15.95;BRL
Rio de Janeiro;UberX;COMPLETED;2021-11-28 20:49:14 +0000 UTC;2021-11-28 20:50:51 +0000 UTC;0;0;Origem;2021-11-28 21:00:35 +0000 UTC;0;0;Destino;2.51;14.96;BRL
Rio de Janeiro;UberX;COMPLETED;2021-11-28 18:41:22 +0000 UTC;2021-11-28 18:48:40 +0000 UTC;0;0;Origem;2021-11-28 19:00:17 +0000 UTC;0;0;Destino;2.27;15.92;BRL
Rio de Janeiro;Black;COMPLETED;2021-11-25 23:47:35 +0000 UTC;2021-11-25 23:51:03 +0000 UTC;0;0;Origem;2021-11-26 00:27:20 +0000 UTC;0;0;Destino;18.84;84.01;BRL
Rio de Janeiro;UberX;COMPLETED;2021-11-25 19:54:36 +0000 UTC;2021-11-25 19:59:08 +0000 UTC;0;0;Origem;2021-11-25 20:08:11 +0000 UTC;0;0;Destino;4.14;14.98;BRL
Rio de Janeiro;UberX;COMPLETED;2021-11-25 11:45:20 +0000 UTC;2021-11-25 11:46:54 +0000 UTC;0;0;Origem;2021-11-25 12:32:43 +0000 UTC;0;0;Destino;17.69;37.99;BRL
Rio de Janeiro;VIP;COMPLETED;2021-11-25 10:43:06 +0000 UTC;2021-11-25 10:51:06 +0000 UTC;0;0;Origem;2021-11-25 11:35:17 +0000 UTC;0;0;Destino;15.85;44.92;BRL
Rio de Janeiro;;UNFULFILLED;2021-11-25 10:37:20 +0000 UTC;1970-01-01 00:00:00 +0000 UTC;0;0;Origem;1970-01-01 00:00:00 +0000 UTC;0;0;Destino;0.0;0.0;BRL
Rio de Janeiro;UberX;COMPLETED;2021-11-12 11:38:25 +0000 UTC;2021-11-12 11:45:57 +0000 UTC;0;0;Origem;2021-11-12 12:06:33 +0000 UTC;0;0;Destino;2.75;18.97;BRL
Rio de Janeiro;UberX;COMPLETED;2021-11-04 23:12:12 +0000 UTC;2021-11-04 23:18:24 +0000 UTC;0;0;Origem;2021-11-04 23:39:22 +0000 UTC;0;0;Destino;2.29;9.94;BRL
Rio de Janeiro;UberX;COMPLETED;2021-11-04 18:02:36 +0000 UTC;2021-11-04 18:06:46 +0000 UTC;0;0;Origem;2021-11-04 18:17:51 +0000 UTC;0;0;Destino;2.02;9.95;BRL
Rio de Janeiro;UberX;COMPLETED;2021-10-23 23:53:40 +0000 UTC;2021-10-23 23:57:21 +0000 UTC;0;0;Origem;2021-10-24 00:08:21 +0000 UTC;0;0;Destino;2.51;15.96;BRL
Rio de Janeiro;UberX;COMPLETED;2021-10-23 19:35:22 +0000 UTC;2021-10-23 19:36:52 +0000 UTC;0;0;Origem;2021-10-23 19:50:02 +0000 UTC;0;0;Destino;2.3;9.9;BRL
Rio de Janeiro;UberX;COMPLETED;2021-10-21 18:12:27 +0000 UTC;2021-10-21 18:15:18 +0000 UTC;0;0;Origem;2021-10-21 18:34:57 +0000 UTC;0;0;Destino;3.32;13.98;BRL
Rio de Janeiro;UberX;COMPLETED;2021-10-21 16:38:56 +0000 UTC;2021-10-21 16:44:59 +0000 UTC;0;0;Origem;2021-10-21 17:03:03 +0000 UTC;0;0;Destino;2.65;18.99;BRL
Rio de Janeiro;UberX;CANCELED;2021-10-21 16:37:24 +0000 UTC;1970-01-01 00:00:00 +0000 UTC;0;0;Origem;1970-01-01 00:00:00 +0000 UTC;0;0;Destino;0.0;0.0;BRL
Rio de Janeiro;UberX;COMPLETED;2021-10-15 22:16:43 +0000 UTC;2021-10-15 22:23:43 +0000 UTC;0;0;Origem;2021-10-15 22:41:40 +0000 UTC;0;0;Destino;2.59;13.96;BRL
Rio de Janeiro;UberX;COMPLETED;2021-10-09 19:09:11 +0000 UTC;2021-10-09 19:11:26 +0000 UTC;0;0;Origem;2021-10-09 19:25:30 +0000 UTC;0;0;Destino;2.51;11.99;BRL
Rio de Janeiro;UberX;COMPLETED;2021-09-26 13:35:46 +0000 UTC;2021-09-26 13:40:11 +0000 UTC;0;0;Origem;2021-09-26 14:07:03 +0000 UTC;0;0;Destino;13.42;24.98;BRL
Rio de Janeiro;UberX;COMPLETED;2021-09-23 23:13:33 +0000 UTC;2021-09-23 23:17:18 +0000 UTC;0;0;Origem;2021-09-23 23:43:12 +0000 UTC;0;0;Destino;8.16;23.94;BRL
Rio de Janeiro;UberX;CANCELED;2021-09-23 23:12:45 +0000 UTC;1970-01-01 00:00:00 +0000 UTC;0;0;Origem;1970-01-01 00:00:00 +0000 UTC;0;0;Destino;0.0;0.0;BRL
Rio de Janeiro;UberX;COMPLETED;2021-09-23 20:13:53 +0000 UTC;2021-09-23 20:19:14 +0000 UTC;0;0;Origem;2021-09-23 20:31:11 +0000 UTC;0;0;Destino;1.87;11.91;BRL
Rio de Janeiro;UberX;CANCELED;2021-09-23 20:12:57 +0000 UTC;1970-01-01 00:00:00 +0000 UTC;0;0;Origem;1970-01-01 00:00:00 +0000 UTC;0;0;Destino;0.0;0.0;BRL
Rio de Janeiro;UberX;COMPLETED;2021-09-22 17:39:02 +0000 UTC;2021-09-22 17:40:29 +0000 UTC;0;0;Origem;2021-09-22 17:54:23 +0000 UTC;0;0;Destino;2.08;8.74;BRL
Rio de Janeiro;UberX;COMPLETED;2021-09-19 16:11:19 +0000 UTC;2021-09-19 16:15:04 +0000 UTC;0;0;Origem;2021-09-19 16:48:38 +0000 UTC;0;0;Destino;18.15;46.93;BRL
Rio de Janeiro;UberX;COMPLETED;2021-09-19 14:39:40 +0000 UTC;2021-09-19 14:44:56 +0000 UTC;0;0;Origem;2021-09-19 14:58:29 +0000 UTC;0;0;Destino;6.94;18.9;BRL
Rio de Janeiro;UberX;COMPLETED;2021-09-19 12:35:54 +0000 UTC;2021-09-19 12:41:01 +0000 UTC;0;0;Origem;2021-09-19 13:06:57 +0000 UTC;0;0;Destino;13.67;26.93;BRL
Rio de Janeiro;UberX;COMPLETED;2021-09-18 20:14:50 +0000 UTC;2021-09-18 20:21:07 +0000 UTC;0;0;Origem;2021-09-18 21:00:35 +0000 UTC;0;0;Destino;13.84;38.94;BRL
Rio de Janeiro;UberX;COMPLETED;2021-09-18 18:21:42 +0000 UTC;2021-09-18 18:30:37 +0000 UTC;0;0;Origem;2021-09-18 18:47:05 +0000 UTC;0;0;Destino;6.76;25.93;BRL
Rio de Janeiro;UberX;COMPLETED;2021-09-18 13:51:49 +0000 UTC;2021-09-18 13:59:14 +0000 UTC;0;0;Origem;2021-09-18 14:30:20 +0000 UTC;0;0;Destino;15.6;36.94;BRL
Rio de Janeiro;UberX;COMPLETED;2021-09-07 01:19:55 +0000 UTC;2021-09-07 01:21:37 +0000 UTC;0;0;Origem;2021-09-07 01:26:26 +0000 UTC;0;0;Destino;1.12;9.95;BRL
Rio de Janeiro;UberX;COMPLETED;2021-09-06 21:46:23 +0000 UTC;2021-09-06 21:49:24 +0000 UTC;0;0;Origem;2021-09-06 21:55:56 +0000 UTC;0;0;Destino;1.01;7.05;BRL
Rio de Janeiro;UberX;COMPLETED;2021-09-03 10:34:42 +0000 UTC;2021-09-03 10:46:03 +0000 UTC;0;0;Origem;2021-09-03 11:21:03 +0000 UTC;0;0;Destino;15.54;39.46;BRL
Rio de Janeiro;UberX;COMPLETED;2021-08-18 22:14:22 +0000 UTC;2021-08-18 22:22:25 +0000 UTC;0;0;Origem;2021-08-18 22:37:21 +0000 UTC;0;0;Destino;2.49;11.96;BRL
Rio de Janeiro;UberX;COMPLETED;2021-08-07 20:53:27 +0000 UTC;2021-08-07 20:57:53 +0000 UTC;0;0;Origem;2021-08-07 21:09:08 +0000 UTC;0;0;Destino;2.43;6.02;BRL
Rio de Janeiro;UberX;COMPLETED;2021-08-07 11:21:30 +0000 UTC;2021-08-07 11:25:11 +0000 UTC;0;0;Origem;2021-08-07 11:56:31 +0000 UTC;0;0;Destino;11.6;21.72;BRL
Rio de Janeiro;UberX;COMPLETED;2021-08-06 23:07:30 +0000 UTC;2021-08-06 23:10:28 +0000 UTC;0;0;Origem;2021-08-06 23:34:19 +0000 UTC;0;0;Destino;4.48;17.04;BRL
Rio de Janeiro;UberX;COMPLETED;2021-08-06 17:29:41 +0000 UTC;2021-08-06 17:35:30 +0000 UTC;0;0;Origem;2021-08-06 17:51:29 +0000 UTC;0;0;Destino;2.79;8.97;BRL
Rio de Janeiro;UberX;COMPLETED;2021-07-31 18:39:19 +0000 UTC;2021-07-31 18:43:10 +0000 UTC;0;0;Origem;2021-07-31 18:58:14 +0000 UTC;0;0;Destino;3.32;10.98;BRL
Rio de Janeiro;UberX;COMPLETED;2021-07-31 16:47:12 +0000 UTC;2021-07-31 16:54:10 +0000 UTC;0;0;Origem;2021-07-31 17:20:58 +0000 UTC;0;0;Destino;11.48;28.92;BRL
Rio de Janeiro;UberX;COMPLETED;2021-07-31 13:52:30 +0000 UTC;2021-07-31 14:01:07 +0000 UTC;0;0;Origem;2021-07-31 14:37:35 +0000 UTC;0;0;Destino;12.56;28.96;BRL
Rio de Janeiro;UberX;COMPLETED;2021-07-27 16:57:17 +0000 UTC;2021-07-27 17:02:36 +0000 UTC;0;0;Origem;2021-07-27 17:11:04 +0000 UTC;0;0;Destino;1.24;7.16;BRL
Rio de Janeiro;UberX;COMPLETED;2021-07-21 20:05:54 +0000 UTC;2021-07-21 20:13:09 +0000 UTC;0;0;Origem;2021-07-21 20:23:49 +0000 UTC;0;0;Destino;2.21;9.05;BRL
Rio de Janeiro;UberX;COMPLETED;2021-07-16 21:19:19 +0000 UTC;2021-07-16 21:28:11 +0000 UTC;0;0;Origem;2021-07-16 21:48:17 +0000 UTC;0;0;Destino;2.52;15.9;BRL
Rio de Janeiro;UberX;COMPLETED;2021-07-16 16:18:46 +0000 UTC;2021-07-16 16:28:15 +0000 UTC;0;0;Origem;2021-07-16 16:43:04 +0000 UTC;0;0;Destino;2.15;16.94;BRL
Rio de Janeiro;UberX;COMPLETED;2021-07-10 21:14:55 +0000 UTC;2021-07-10 21:19:16 +0000 UTC;0;0;Origem;2021-07-10 21:33:07 +0000 UTC;0;0;Destino;2.46;8.83;BRL
Rio de Janeiro;UberX;COMPLETED;2021-07-06 17:39:33 +0000 UTC;2021-07-06 17:43:51 +0000 UTC;0;0;Origem;2021-07-06 17:57:50 +0000 UTC;0;0;Destino;2.01;7.1;BRL
Rio de Janeiro;UberX;COMPLETED;2021-07-02 21:15:21 +0000 UTC;2021-07-02 21:24:40 +0000 UTC;0;0;Origem;2021-07-02 21:47:48 +0000 UTC;0;0;Destino;4.41;18.91;BRL
Rio de Janeiro;UberX;COMPLETED;2021-07-02 16:53:52 +0000 UTC;2021-07-02 16:58:57 +0000 UTC;0;0;Origem;2021-07-02 17:14:23 +0000 UTC;0;0;Destino;2.19;17.86;BRL
Rio de Janeiro;UberX;COMPLETED;2021-06-25 12:23:47 +0000 UTC;2021-06-25 12:29:37 +0000 UTC;0;0;Origem;2021-06-25 12:43:18 +0000 UTC;0;0;Destino;2.08;7.19;BRL
Rio de Janeiro;UberX;COMPLETED;2021-06-18 22:57:51 +0000 UTC;2021-06-18 23:01:28 +0000 UTC;0;0;Origem;2021-06-18 23:16:56 +0000 UTC;0;0;Destino;2.23;9.92;BRL
Rio de Janeiro;UberX;COMPLETED;2021-06-18 19:58:35 +0000 UTC;2021-06-18 20:03:16 +0000 UTC;0;0;Origem;2021-06-18 20:14:18 +0000 UTC;0;0;Destino;1.92;8.52;BRL
Rio de Janeiro;UberX;COMPLETED;2021-06-09 18:03:49 +0000 UTC;2021-06-09 18:11:52 +0000 UTC;0;0;Origem;2021-06-09 18:28:26 +0000 UTC;0;0;Destino;1.83;7.72;BRL
Rio de Janeiro;UberX;CANCELED;2021-06-09 18:01:56 +0000 UTC;1970-01-01 00:00:00 +0000 UTC;0;0;Origem;1970-01-01 00:00:00 +0000 UTC;0;0;Destino;0.0;0.0;BRL
Rio de Janeiro;UberX;CANCELED;2021-06-09 18:00:40 +0000 UTC;1970-01-01 00:00:00 +0000 UTC;0;0;Origem;1970-01-01 00:00:00 +0000 UTC;0;0;Destino;0.0;0.0;BRL
Rio de Janeiro;UberX;COMPLETED;2021-06-09 16:22:57 +0000 UTC;2021-06-09 16:30:24 +0000 UTC;0;0;Origem;2021-06-09 16:40:16 +0000 UTC;0;0;Destino;1.86;7.89;BRL
Rio de Janeiro;UberX;COMPLETED;2021-06-06 18:53:25 +0000 UTC;2021-06-06 18:56:10 +0000 UTC;0;0;Origem;2021-06-06 18:59:49 +0000 UTC;0;0;Destino;0.86;4.6;BRL
Rio de Janeiro;UberX;COMPLETED;2021-05-26 20:58:59 +0000 UTC;2021-05-26 21:08:31 +0000 UTC;0;0;Origem;2021-05-26 21:30:53 +0000 UTC;0;0;Destino;2.49;12.54;BRL
Rio de Janeiro;UberX;COMPLETED;2021-05-26 16:57:47 +0000 UTC;2021-05-26 17:03:56 +0000 UTC;0;0;Origem;2021-05-26 17:15:53 +0000 UTC;0;0;Destino;2.0;7.25;BRL
Rio de Janeiro;UberX;COMPLETED;2021-04-30 07:54:34 +0000 UTC;2021-04-30 08:03:12 +0000 UTC;0;0;Origem;2021-04-30 08:26:26 +0000 UTC;0;0;Destino;14.86;43.23;BRL
Rio de Janeiro;UberX;COMPLETED;2021-04-29 21:01:48 +0000 UTC;2021-04-29 21:08:17 +0000 UTC;0;0;Origem;2021-04-29 21:26:23 +0000 UTC;0;0;Destino;4.26;15.05;BRL
Rio de Janeiro;UberX;COMPLETED;2021-04-29 16:28:52 +0000 UTC;2021-04-29 16:34:03 +0000 UTC;0;0;Origem;2021-04-29 16:51:47 +0000 UTC;0;0;Destino;2.29;6.9;BRL
Rio de Janeiro;UberX;COMPLETED;2021-04-19 20:35:53 +0000 UTC;2021-04-19 20:38:33 +0000 UTC;0;0;Origem;2021-04-19 21:07:24 +0000 UTC;0;0;Destino;8.55;26.48;BRL
Rio de Janeiro;UberX;COMPLETED;2021-04-19 16:20:39 +0000 UTC;2021-04-19 16:23:45 +0000 UTC;0;0;Origem;2021-04-19 16:47:38 +0000 UTC;0;0;Destino;8.77;25.58;BRL
Rio de Janeiro;UberX;COMPLETED;2021-03-25 21:23:37 +0000 UTC;2021-03-25 21:34:51 +0000 UTC;0;0;Origem;2021-03-25 22:03:12 +0000 UTC;0;0;Destino;7.75;29.68;BRL
Rio de Janeiro;UberX;COMPLETED;2021-03-23 19:18:08 +0000 UTC;2021-03-23 19:20:14 +0000 UTC;0;0;Origem;2021-03-23 19:48:45 +0000 UTC;0;0;Destino;8.74;30.94;BRL
Rio de Janeiro;UberX;COMPLETED;2021-03-15 18:53:51 +0000 UTC;2021-03-15 18:55:58 +0000 UTC;0;0;Origem;2021-03-15 19:14:39 +0000 UTC;0;0;Destino;2.5;8.92;BRL
Rio de Janeiro;UberX;COMPLETED;2021-03-15 16:24:34 +0000 UTC;2021-03-15 16:31:52 +0000 UTC;0;0;Origem;2021-03-15 16:40:56 +0000 UTC;0;0;Destino;2.17;9.13;BRL
Rio de Janeiro;UberX;COMPLETED;2021-03-15 13:31:18 +0000 UTC;2021-03-15 13:33:18 +0000 UTC;0;0;Origem;2021-03-15 14:11:11 +0000 UTC;0;0;Destino;8.03;21.92;BRL
Rio de Janeiro;UberX;COMPLETED;2021-03-15 12:19:15 +0000 UTC;2021-03-15 12:21:47 +0000 UTC;0;0;Origem;2021-03-15 12:49:56 +0000 UTC;0;0;Destino;8.36;24.96;BRL
Rio de Janeiro;UberX;COMPLETED;2021-03-12 21:43:58 +0000 UTC;2021-03-12 21:48:59 +0000 UTC;0;0;Origem;2021-03-12 22:05:21 +0000 UTC;0;0;Destino;2.79;14.95;BRL
Rio de Janeiro;UberX;CANCELED;2021-03-12 21:41:56 +0000 UTC;1970-01-01 00:00:00 +0000 UTC;0;0;Origem;1970-01-01 00:00:00 +0000 UTC;0;0;Destino;0.0;0.0;BRL
Rio de Janeiro;UberX;CANCELED;2021-03-12 21:39:37 +0000 UTC;1970-01-01 00:00:00 +0000 UTC;0;0;Origem;1970-01-01 00:00:00 +0000 UTC;0;0;Destino;0.0;0.0;BRL
Rio de Janeiro;UberX;CANCELED;2021-03-12 21:38:10 +0000 UTC;1970-01-01 00:00:00 +0000 UTC;0;0;Origem;1970-01-01 00:00:00 +0000 UTC;0;0;Destino;0.0;0.0;BRL
Rio de Janeiro;UberX;COMPLETED;2021-03-12 14:18:52 +0000 UTC;2021-03-12 14:22:03 +0000 UTC;0;0;Origem;2021-03-12 14:30:42 +0000 UTC;0;0;Destino;1.71;5.87;BRL
Rio de Janeiro;UberX;COMPLETED;2021-03-12 12:12:19 +0000 UTC;2021-03-12 12:15:50 +0000 UTC;0;0;Origem;2021-03-12 13:01:35 +0000 UTC;0;0;Destino;8.32;24.95;BRL
Rio de Janeiro;UberX;COMPLETED;2021-03-07 17:46:36 +0000 UTC;2021-03-07 17:53:28 +0000 UTC;0;0;Origem;2021-03-07 18:10:06 +0000 UTC;0;0;Destino;8.37;24.93;BRL
Rio de Janeiro;UberX;CANCELED;2021-03-07 17:45:04 +0000 UTC;1970-01-01 00:00:00 +0000 UTC;0;0;Origem;1970-01-01 00:00:00 +0000 UTC;0;0;Destino;0.0;0.0;BRL
Rio de Janeiro;UberX;COMPLETED;2021-03-05 17:18:28 +0000 UTC;2021-03-05 17:20:04 +0000 UTC;0;0;Origem;2021-03-05 17:37:30 +0000 UTC;0;0;Destino;3.7;10.86;BRL
Rio de Janeiro;UberX;COMPLETED;2021-03-05 14:10:07 +0000 UTC;2021-03-05 14:16:42 +0000 UTC;0;0;Origem;2021-03-05 14:33:54 +0000 UTC;0;0;Destino;2.14;6.86;BRL
Rio de Janeiro;UberX;COMPLETED;2021-02-28 14:52:13 +0000 UTC;2021-02-28 14:58:59 +0000 UTC;0;0;Origem;2021-02-28 15:11:36 +0000 UTC;0;0;Destino;3.25;11.71;BRL
Rio de Janeiro;UberX;COMPLETED;2021-02-28 14:17:47 +0000 UTC;2021-02-28 14:19:12 +0000 UTC;0;0;Origem;2021-02-28 14:33:04 +0000 UTC;0;0;Destino;2.75;8.54;BRL
Rio de Janeiro;UberX;COMPLETED;2021-02-27 22:44:18 +0000 UTC;2021-02-27 22:56:09 +0000 UTC;0;0;Origem;2021-02-27 23:19:06 +0000 UTC;0;0;Destino;8.71;29.13;BRL
Rio de Janeiro;UberX;COMPLETED;2021-02-27 18:09:12 +0000 UTC;2021-02-27 18:12:26 +0000 UTC;0;0;Origem;2021-02-27 18:30:38 +0000 UTC;0;0;Destino;8.37;27.77;BRL
Rio de Janeiro;UberX;COMPLETED;2021-02-24 14:51:47 +0000 UTC;2021-02-24 14:59:25 +0000 UTC;0;0;Origem;2021-02-24 15:19:43 +0000 UTC;0;0;Destino;5.14;7.45;BRL
Rio de Janeiro;UberX;CANCELED;2021-02-24 12:47:43 +0000 UTC;1970-01-01 00:00:00 +0000 UTC;0;0;Origem;1970-01-01 00:00:00 +0000 UTC;0;0;Destino;0.0;0.0;BRL
Rio de Janeiro;UberX;COMPLETED;2021-02-24 11:54:15 +0000 UTC;2021-02-24 11:59:07 +0000 UTC;0;0;Origem;2021-02-24 12:14:04 +0000 UTC;0;0;Destino;2.09;10.89;BRL
Rio de Janeiro;UberX;COMPLETED;2021-02-21 21:18:41 +0000 UTC;2021-02-21 21:24:57 +0000 UTC;0;0;Origem;2021-02-21 21:45:59 +0000 UTC;0;0;Destino;8.75;28.78;BRL
Rio de Janeiro;UberX;COMPLETED;2021-02-21 19:28:47 +0000 UTC;2021-02-21 19:30:45 +0000 UTC;0;0;Origem;2021-02-21 19:48:28 +0000 UTC;0;0;Destino;8.35;27.32;BRL
Rio de Janeiro;UberX;COMPLETED;2021-02-14 15:48:38 +0000 UTC;2021-02-14 15:52:55 +0000 UTC;0;0;Origem;2021-02-14 16:09:46 +0000 UTC;0;0;Destino;8.36;20.77;BRL
Rio de Janeiro;UberX;COMPLETED;2021-02-13 20:27:36 +0000 UTC;2021-02-13 20:28:46 +0000 UTC;0;0;Origem;2021-02-13 20:41:03 +0000 UTC;0;0;Destino;2.92;9.04;BRL
Rio de Janeiro;UberX;COMPLETED;2021-02-13 17:41:20 +0000 UTC;2021-02-13 17:44:11 +0000 UTC;0;0;Origem;2021-02-13 17:53:07 +0000 UTC;0;0;Destino;2.31;7.91;BRL
Rio de Janeiro;UberX;COMPLETED;2021-02-04 18:42:43 +0000 UTC;2021-02-04 18:49:32 +0000 UTC;0;0;Origem;2021-02-04 19:05:26 +0000 UTC;0;0;Destino;2.23;7.56;BRL
Rio de Janeiro;UberX;COMPLETED;2021-02-04 15:34:45 +0000 UTC;2021-02-04 15:41:08 +0000 UTC;0;0;Origem;2021-02-04 15:50:08 +0000 UTC;0;0;Destino;1.79;6.58;BRL
Rio de Janeiro;UberX;COMPLETED;2021-02-03 19:25:59 +0000 UTC;2021-02-03 19:29:55 +0000 UTC;0;0;Origem;2021-02-03 19:42:16 +0000 UTC;0;0;Destino;2.06;7.44;BRL
Rio de Janeiro;UberX;COMPLETED;2021-02-03 14:30:24 +0000 UTC;2021-02-03 14:33:51 +0000 UTC;0;0;Origem;2021-02-03 14:49:25 +0000 UTC;0;0;Destino;2.59;9.58;BRL
Rio de Janeiro;UberX;COMPLETED;2021-01-08 23:43:23 +0000 UTC;2021-01-08 23:46:15 +0000 UTC;0;0;Origem;2021-01-08 23:57:45 +0000 UTC;0;0;Destino;2.49;11.29;BRL
Rio de Janeiro;UberX;COMPLETED;2021-01-08 18:14:58 +0000 UTC;2021-01-08 18:18:36 +0000 UTC;0;0;Origem;2021-01-08 18:29:48 +0000 UTC;0;0;Destino;2.68;9.69;BRL
Rio de Janeiro;UberX;COMPLETED;2020-12-21 16:47:23 +0000 UTC;2020-12-21 16:51:57 +0000 UTC;0;0;Origem;2020-12-21 17:34:36 +0000 UTC;0;0;Destino;22.34;78.11;BRL
Rio de Janeiro;UberX;COMPLETED;2020-12-21 11:05:26 +0000 UTC;2020-12-21 11:15:42 +0000 UTC;0;0;Origem;2020-12-21 12:17:22 +0000 UTC;0;0;Destino;24.95;82.82;BRL
Rio de Janeiro;UberX;COMPLETED;2020-12-18 17:41:30 +0000 UTC;2020-12-18 17:45:27 +0000 UTC;0;0;Origem;2020-12-18 18:38:40 +0000 UTC;0;0;Destino;18.35;66.06;BRL
Rio de Janeiro;UberX;COMPLETED;2020-12-18 15:03:54 +0000 UTC;2020-12-18 15:08:05 +0000 UTC;0;0;Origem;2020-12-18 15:39:02 +0000 UTC;0;0;Destino;18.09;50.9;BRL
Rio de Janeiro;UberX;COMPLETED;2020-11-10 21:39:37 +0000 UTC;2020-11-10 21:47:21 +0000 UTC;0;0;Origem;2020-11-10 22:03:05 +0000 UTC;0;0;Destino;3.36;13.91;BRL
Rio de Janeiro;UberX;COMPLETED;2020-11-10 16:37:58 +0000 UTC;2020-11-10 16:41:50 +0000 UTC;0;0;Origem;2020-11-10 16:52:54 +0000 UTC;0;0;Destino;1.78;23.74;BRL
Rio de Janeiro;UberX;CANCELED;2020-11-10 16:36:19 +0000 UTC;1970-01-01 00:00:00 +0000 UTC;0;0;Origem;1970-01-01 00:00:00 +0000 UTC;0;0;Destino;0.0;0.0;BRL
Sao Luis;UberX;COMPLETED;2020-05-14 18:37:46 +0000 UTC;2020-05-14 18:49:39 +0000 UTC;0;0;Origem;2020-05-14 19:08:45 +0000 UTC;0;0;Destino;5.43;16.61;BRL
Rio de Janeiro;VIP;COMPLETED;2020-03-07 17:35:25 +0000 UTC;2020-03-07 17:38:13 +0000 UTC;0;0;Origem;2020-03-07 18:05:52 +0000 UTC;0;0;Destino;3.39;14.5;BRL
Rio de Janeiro;VIP;COMPLETED;2020-03-07 15:47:37 +0000 UTC;2020-03-07 15:57:50 +0000 UTC;0;0;Origem;2020-03-07 16:16:53 +0000 UTC;0;0;Destino;2.16;9.85;BRL
Rio de Janeiro;VIP;COMPLETED;2020-03-05 01:52:21 +0000 UTC;2020-03-05 01:57:08 +0000 UTC;0;0;Origem;2020-03-05 02:07:21 +0000 UTC;0;0;Destino;3.23;11.02;BRL
Rio de Janeiro;UberX;COMPLETED;2020-02-24 23:15:35 +0000 UTC;2020-02-24 23:18:53 +0000 UTC;0;0;Origem;2020-02-24 23:25:04 +0000 UTC;0;0;Destino;1.29;6.9;BRL
Rio de Janeiro;UberX;COMPLETED;2020-02-24 19:51:01 +0000 UTC;2020-02-24 19:52:19 +0000 UTC;0;0;Origem;2020-02-24 19:58:12 +0000 UTC;0;0;Destino;1.05;6.9;BRL
Rio de Janeiro;UberX;COMPLETED;2020-02-20 11:50:31 +0000 UTC;2020-02-20 11:54:13 +0000 UTC;0;0;Origem;2020-02-20 11:58:10 +0000 UTC;0;0;Destino;1.2;6.9;BRL
Rio de Janeiro;UberX;COMPLETED;2020-02-18 12:13:05 +0000 UTC;2020-02-18 12:17:07 +0000 UTC;0;0;Origem;2020-02-18 13:38:45 +0000 UTC;0;0;Destino;6.38;22.1;BRL
Rio de Janeiro;UberX;COMPLETED;2020-02-15 23:31:02 +0000 UTC;2020-02-15 23:36:32 +0000 UTC;0;0;Origem;2020-02-15 23:49:24 +0000 UTC;0;0;Destino;2.51;11.88;BRL
Rio de Janeiro;UberX;COMPLETED;2020-02-15 19:46:21 +0000 UTC;2020-02-15 19:50:30 +0000 UTC;0;0;Origem;2020-02-15 20:05:31 +0000 UTC;0;0;Destino;2.68;10.13;BRL
Rio de Janeiro;UberX;COMPLETED;2020-02-09 21:57:54 +0000 UTC;2020-02-09 22:01:00 +0000 UTC;0;0;Origem;2020-02-09 22:29:01 +0000 UTC;0;0;Destino;8.71;43.58;BRL
Rio de Janeiro;UberX;COMPLETED;2020-02-09 18:59:15 +0000 UTC;2020-02-09 19:01:30 +0000 UTC;0;0;Origem;2020-02-09 19:09:55 +0000 UTC;0;0;Destino;2.07;5.84;BRL
Rio de Janeiro;UberX;COMPLETED;2020-02-09 15:09:32 +0000 UTC;2020-02-09 15:13:56 +0000 UTC;0;0;Origem;2020-02-09 15:32:56 +0000 UTC;0;0;Destino;8.68;24.14;BRL
Rio de Janeiro;UberX;CANCELED;2020-02-09 15:06:14 +0000 UTC;1970-01-01 00:00:00 +0000 UTC;0;0;Origem;1970-01-01 00:00:00 +0000 UTC;0;0;Destino;0.0;0.0;BRL
Rio de Janeiro;UberX;COMPLETED;2020-02-01 11:46:46 +0000 UTC;2020-02-01 11:54:35 +0000 UTC;0;0;Origem;2020-02-01 11:59:47 +0000 UTC;0;0;Destino;1.36;7.44;BRL
Rio de Janeiro;UberX;COMPLETED;2020-01-30 23:29:54 +0000 UTC;2020-01-30 23:38:20 +0000 UTC;0;0;Origem;2020-01-30 23:56:06 +0000 UTC;0;0;Destino;2.52;20.98;BRL
Rio de Janeiro;UberX;COMPLETED;2020-01-13 10:20:23 +0000 UTC;2020-01-13 10:23:23 +0000 UTC;0;0;Origem;2020-01-13 10:45:43 +0000 UTC;0;0;Destino;2.28;25.21;BRL
Rio de Janeiro;UberX;CANCELED;2020-01-13 10:11:46 +0000 UTC;1970-01-01 00:00:00 +0000 UTC;0;0;Origem;1970-01-01 00:00:00 +0000 UTC;0;0;Destino;0.0;0.0;BRL
Rio de Janeiro;UberX;COMPLETED;2020-01-03 23:40:08 +0000 UTC;2020-01-03 23:45:20 +0000 UTC;0;0;Origem;2020-01-03 23:56:16 +0000 UTC;0;0;Destino;2.49;9.88;BRL
Rio de Janeiro;UberX;COMPLETED;2020-01-01 05:21:14 +0000 UTC;2020-01-01 05:35:54 +0000 UTC;0;0;Origem;2020-01-01 06:00:18 +0000 UTC;0;0;Destino;8.41;97.47;BRL
Rio de Janeiro;UberX;COMPLETED;2019-12-27 23:47:39 +0000 UTC;2019-12-27 23:53:35 +0000 UTC;0;0;Origem;2019-12-28 00:08:45 +0000 UTC;0;0;Destino;2.51;9.09;BRL
Rio de Janeiro;UberX;COMPLETED;2019-12-18 23:36:47 +0000 UTC;2019-12-18 23:41:27 +0000 UTC;0;0;Origem;2019-12-19 00:00:50 +0000 UTC;0;0;Destino;3.45;10.03;BRL
Rio de Janeiro;UberX;COMPLETED;2019-12-13 17:29:02 +0000 UTC;2019-12-13 17:33:56 +0000 UTC;0;0;Origem;2019-12-13 17:43:01 +0000 UTC;0;0;Destino;4.7;17.36;BRL
Rio de Janeiro;UberX;COMPLETED;2019-12-13 15:21:56 +0000 UTC;2019-12-13 15:27:07 +0000 UTC;0;0;Origem;2019-12-13 15:53:02 +0000 UTC;0;0;Destino;4.32;13.05;BRL
Rio de Janeiro;UberX;CANCELED;2019-12-13 15:19:05 +0000 UTC;1970-01-01 00:00:00 +0000 UTC;0;0;Origem;1970-01-01 00:00:00 +0000 UTC;0;0;Destino;0.0;0.0;BRL
Rio de Janeiro;UberX;COMPLETED;2019-12-11 01:48:36 +0000 UTC;2019-12-11 01:50:35 +0000 UTC;0;0;Origem;2019-12-11 02:02:12 +0000 UTC;0;0;Destino;3.58;10.05;BRL
Rio de Janeiro;UberX;COMPLETED;2019-12-06 00:40:50 +0000 UTC;2019-12-06 00:46:17 +0000 UTC;0;0;Origem;2019-12-06 01:05:21 +0000 UTC;0;0;Destino;3.26;11.04;BRL
Rio de Janeiro;UberX;CANCELED;2019-12-04 01:08:56 +0000 UTC;1970-01-01 00:00:00 +0000 UTC;0;0;Origem;1970-01-01 00:00:00 +0000 UTC;0;0;Destino;0.0;0.0;BRL
Rio de Janeiro;UberX;COMPLETED;2019-12-01 14:20:23 +0000 UTC;2019-12-01 14:23:59 +0000 UTC;0;0;Origem;2019-12-01 14:39:15 +0000 UTC;0;0;Destino;2.83;10.23;BRL
Rio de Janeiro;UberX;COMPLETED;2019-12-01 10:57:25 +0000 UTC;2019-12-01 11:00:19 +0000 UTC;0;0;Origem;2019-12-01 11:10:26 +0000 UTC;0;0;Destino;2.62;19.18;BRL
Rio de Janeiro;UberX;COMPLETED;2019-11-27 00:37:12 +0000 UTC;2019-11-27 00:42:18 +0000 UTC;0;0;Origem;2019-11-27 00:58:31 +0000 UTC;0;0;Destino;3.12;10.43;BRL
Rio de Janeiro;UberX;COMPLETED;2019-11-24 16:08:29 +0000 UTC;2019-11-24 16:15:27 +0000 UTC;0;0;Origem;2019-11-24 16:42:45 +0000 UTC;0;0;Destino;8.15;33.9;BRL
Rio de Janeiro;UberX;COMPLETED;2019-11-15 11:45:54 +0000 UTC;2019-11-15 11:46:46 +0000 UTC;0;0;Origem;2019-11-15 11:53:11 +0000 UTC;0;0;Destino;1.74;5.98;BRL
Rio de Janeiro;UberX;COMPLETED;2019-11-08 00:44:52 +0000 UTC;2019-11-08 00:48:07 +0000 UTC;0;0;Origem;2019-11-08 01:03:40 +0000 UTC;0;0;Destino;3.12;10.29;BRL
Rio de Janeiro;UberX;COMPLETED;2019-11-01 14:54:08 +0000 UTC;2019-11-01 14:57:31 +0000 UTC;0;0;Origem;2019-11-01 15:09:29 +0000 UTC;0;0;Destino;3.91;14.0;BRL
Rio de Janeiro;UberX;CANCELED;2019-11-01 14:52:59 +0000 UTC;1970-01-01 00:00:00 +0000 UTC;0;0;Origem;1970-01-01 00:00:00 +0000 UTC;0;0;Destino;0.0;0.0;BRL
Rio de Janeiro;UberX;COMPLETED;2019-10-31 22:55:44 +0000 UTC;2019-10-31 23:02:26 +0000 UTC;0;0;Origem;2019-10-31 23:17:14 +0000 UTC;0;0;Destino;2.89;13.87;BRL
Rio de Janeiro;UberX;COMPLETED;2019-10-30 21:44:05 +0000 UTC;2019-10-30 21:48:17 +0000 UTC;0;0;Origem;2019-10-30 22:21:33 +0000 UTC;0;0;Destino;2.84;14.14;BRL
Rio de Janeiro;UberX;COMPLETED;2019-10-28 12:06:09 +0000 UTC;2019-10-28 12:08:59 +0000 UTC;0;0;Origem;2019-10-28 12:24:57 +0000 UTC;0;0;Destino;2.83;7.81;BRL
Rio de Janeiro;UberX;COMPLETED;2019-10-26 19:56:41 +0000 UTC;2019-10-26 19:58:28 +0000 UTC;0;0;Origem;2019-10-26 20:08:04 +0000 UTC;0;0;Destino;1.29;5.98;BRL
Rio de Janeiro;UberX;COMPLETED;2019-10-11 01:05:25 +0000 UTC;2019-10-11 01:07:31 +0000 UTC;0;0;Origem;2019-10-11 01:18:57 +0000 UTC;0;0;Destino;3.23;9.03;BRL
Rio de Janeiro;UberX;COMPLETED;2019-10-03 07:48:43 +0000 UTC;2019-10-03 07:53:01 +0000 UTC;0;0;Origem;2019-10-03 08:15:30 +0000 UTC;0;0;Destino;14.89;41.68;BRL
Rio de Janeiro;UberX;CANCELED;2019-10-03 07:47:48 +0000 UTC;1970-01-01 00:00:00 +0000 UTC;0;0;Origem;1970-01-01 00:00:00 +0000 UTC;0;0;Destino;0.0;0.0;BRL
Rio de Janeiro;UberX;COMPLETED;2019-09-29 14:21:35 +0000 UTC;2019-09-29 14:23:27 +0000 UTC;0;0;Origem;2019-09-29 14:31:33 +0000 UTC;0;0;Destino;1.91;6.64;BRL
Rio de Janeiro;UberX;COMPLETED;2019-09-19 19:17:44 +0000 UTC;2019-09-19 19:20:03 +0000 UTC;0;0;Origem;2019-09-19 19:35:31 +0000 UTC;0;0;Destino;4.47;12.87;BRL
Rio de Janeiro;UberX;COMPLETED;2019-09-17 15:04:21 +0000 UTC;2019-09-17 15:09:55 +0000 UTC;0;0;Origem;2019-09-17 16:31:10 +0000 UTC;0;0;Destino;24.99;70.04;BRL
Rio de Janeiro;UberX;COMPLETED;2019-09-16 12:08:02 +0000 UTC;2019-09-16 12:12:34 +0000 UTC;0;0;Origem;2019-09-16 12:33:11 +0000 UTC;0;0;Destino;3.41;10.57;BRL
Rio de Janeiro;UberX;COMPLETED;2019-09-13 21:01:00 +0000 UTC;2019-09-13 21:12:59 +0000 UTC;0;0;Origem;2019-09-13 21:47:56 +0000 UTC;0;0;Destino;2.84;11.06;BRL
Rio de Janeiro;UberX;COMPLETED;2019-09-13 20:27:48 +0000 UTC;2019-09-13 20:32:08 +0000 UTC;0;0;Origem;2019-09-13 20:48:45 +0000 UTC;0;0;Destino;2.72;8.72;BRL
Rio de Janeiro;UberX;CANCELED;2019-09-13 20:26:19 +0000 UTC;1970-01-01 00:00:00 +0000 UTC;0;0;Origem;1970-01-01 00:00:00 +0000 UTC;0;0;Destino;0.0;0.0;BRL
Rio de Janeiro;UberX;COMPLETED;2019-09-13 15:16:49 +0000 UTC;2019-09-13 15:30:01 +0000 UTC;0;0;Origem;2019-09-13 15:41:43 +0000 UTC;0;0;Destino;2.64;9.34;BRL
Rio de Janeiro;UberX;COMPLETED;2019-09-13 01:23:27 +0000 UTC;2019-09-13 01:29:33 +0000 UTC;0;0;Origem;2019-09-13 01:37:10 +0000 UTC;0;0;Destino;1.9;6.34;BRL
Rio de Janeiro;UberX;COMPLETED;2019-08-15 23:55:08 +0000 UTC;2019-08-16 00:01:50 +0000 UTC;0;0;Origem;2019-08-16 00:20:13 +0000 UTC;0;0;Destino;3.07;8.0;BRL
Rio de Janeiro;UberX;COMPLETED;2019-08-13 20:40:28 +0000 UTC;2019-08-13 20:51:04 +0000 UTC;0;0;Origem;2019-08-13 21:17:13 +0000 UTC;0;0;Destino;5.78;15.44;BRL
Rio de Janeiro;UberX;COMPLETED;2019-08-12 21:51:11 +0000 UTC;2019-08-12 22:00:04 +0000 UTC;0;0;Origem;2019-08-12 22:35:45 +0000 UTC;0;0;Destino;3.27;13.15;BRL
Rio de Janeiro;UberX;CANCELED;2019-08-12 21:45:21 +0000 UTC;1970-01-01 00:00:00 +0000 UTC;0;0;Origem;1970-01-01 00:00:00 +0000 UTC;0;0;Destino;0.0;0.0;BRL
Rio de Janeiro;UberX;COMPLETED;2019-08-05 21:48:22 +0000 UTC;2019-08-05 21:53:55 +0000 UTC;0;0;Origem;2019-08-05 22:14:48 +0000 UTC;0;0;Destino;2.87;9.61;BRL
Rio de Janeiro;UberX;COMPLETED;2019-07-29 15:07:38 +0000 UTC;2019-07-29 15:19:24 +0000 UTC;0;0;Origem;2019-07-29 15:35:51 +0000 UTC;0;0;Destino;2.73;10.26;BRL
Rio de Janeiro;UberX;COMPLETED;2019-07-19 23:56:40 +0000 UTC;2019-07-19 23:59:10 +0000 UTC;0;0;Origem;2019-07-20 00:11:58 +0000 UTC;0;0;Destino;2.5;10.01;BRL
Rio de Janeiro;UberX;COMPLETED;2019-07-06 00:26:13 +0000 UTC;2019-07-06 00:33:16 +0000 UTC;0;0;Origem;2019-07-06 00:45:51 +0000 UTC;0;0;Destino;2.57;10.86;BRL
Rio de Janeiro;UberX;COMPLETED;2019-07-05 15:20:26 +0000 UTC;2019-07-05 15:23:17 +0000 UTC;0;0;Origem;2019-07-05 15:41:19 +0000 UTC;0;0;Destino;2.71;11.21;BRL
Rio de Janeiro;UberX;COMPLETED;2019-07-02 15:46:41 +0000 UTC;2019-07-02 15:49:52 +0000 UTC;0;0;Origem;2019-07-02 16:02:17 +0000 UTC;0;0;Destino;2.73;11.08;BRL
Rio de Janeiro;UberX;COMPLETED;2019-07-02 00:12:56 +0000 UTC;2019-07-02 00:14:22 +0000 UTC;0;0;Origem;2019-07-02 00:28:13 +0000 UTC;0;0;Destino;2.61;9.68;BRL
Rio de Janeiro;UberX;COMPLETED;2019-06-29 00:46:33 +0000 UTC;2019-06-29 00:54:24 +0000 UTC;0;0;Origem;2019-06-29 01:09:13 +0000 UTC;0;0;Destino;2.52;10.3;BRL
Rio de Janeiro;UberX;COMPLETED;2019-06-18 23:02:38 +0000 UTC;2019-06-18 23:08:07 +0000 UTC;0;0;Origem;2019-06-18 23:31:23 +0000 UTC;0;0;Destino;3.31;9.99;BRL
Rio de Janeiro;UberX;COMPLETED;2019-06-18 19:33:56 +0000 UTC;2019-06-18 19:36:29 +0000 UTC;0;0;Origem;2019-06-18 19:50:35 +0000 UTC;0;0;Destino;2.21;9.64;BRL
Rio de Janeiro;UberX;COMPLETED;2019-06-17 17:29:25 +0000 UTC;2019-06-17 17:41:35 +0000 UTC;0;0;Origem;2019-06-17 17:53:17 +0000 UTC;0;0;Destino;2.27;9.55;BRL
Rio de Janeiro;UberX;COMPLETED;2019-06-04 00:41:18 +0000 UTC;2019-06-04 00:48:02 +0000 UTC;0;0;Origem;2019-06-04 01:02:08 +0000 UTC;0;0;Destino;3.33;11.2;BRL
Rio de Janeiro;UberX;COMPLETED;2019-06-02 19:27:06 +0000 UTC;2019-06-02 19:30:32 +0000 UTC;0;0;Origem;2019-06-02 19:44:18 +0000 UTC;0;0;Destino;2.68;8.18;BRL
Rio de Janeiro;UberX;COMPLETED;2019-05-28 15:25:18 +0000 UTC;2019-05-28 15:29:38 +0000 UTC;0;0;Origem;2019-05-28 15:38:15 +0000 UTC;0;0;Destino;2.37;8.01;BRL
Rio de Janeiro;UberX;CANCELED;2019-05-25 22:20:05 +0000 UTC;1970-01-01 00:00:00 +0000 UTC;0;0;Origem;1970-01-01 00:00:00 +0000 UTC;0;0;Destino;0.0;0.0;BRL
Rio de Janeiro;UberX;COMPLETED;2019-05-25 13:54:10 +0000 UTC;2019-05-25 13:57:06 +0000 UTC;0;0;Origem;2019-05-25 14:15:40 +0000 UTC;0;0;Destino;2.47;9.92;BRL
Rio de Janeiro;UberX;COMPLETED;2019-05-19 22:00:21 +0000 UTC;2019-05-19 22:03:38 +0000 UTC;0;0;Origem;2019-05-19 22:17:38 +0000 UTC;0;0;Destino;7.93;21.79;BRL
Rio de Janeiro;UberX;COMPLETED;2019-05-19 19:47:43 +0000 UTC;2019-05-19 19:52:35 +0000 UTC;0;0;Origem;2019-05-19 20:02:30 +0000 UTC;0;0;Destino;6.52;18.57;BRL
Rio de Janeiro;UberX;COMPLETED;2019-05-11 21:24:50 +0000 UTC;2019-05-11 21:34:46 +0000 UTC;0;0;Origem;2019-05-11 21:47:22 +0000 UTC;0;0;Destino;2.48;9.67;BRL
Rio de Janeiro;UberX;CANCELED;2019-05-11 21:23:25 +0000 UTC;1970-01-01 00:00:00 +0000 UTC;0;0;Origem;1970-01-01 00:00:00 +0000 UTC;0;0;Destino;0.0;0.0;BRL
Rio de Janeiro;UberX;COMPLETED;2019-05-11 19:20:45 +0000 UTC;2019-05-11 19:24:51 +0000 UTC;0;0;Origem;2019-05-11 19:34:52 +0000 UTC;0;0;Destino;2.58;9.14;BRL
Rio de Janeiro;UberX;COMPLETED;2019-04-22 22:17:15 +0000 UTC;2019-04-22 22:19:17 +0000 UTC;0;0;Origem;2019-04-22 22:30:23 +0000 UTC;0;0;Destino;2.57;9.09;BRL
Rio de Janeiro;UberX;COMPLETED;2019-03-31 03:46:00 +0000 UTC;2019-03-31 03:49:52 +0000 UTC;0;0;Origem;2019-03-31 03:58:28 +0000 UTC;0;0;Destino;3.12;9.2;BRL
Rio de Janeiro;UberX;COMPLETED;2019-03-31 00:10:14 +0000 UTC;2019-03-31 00:14:47 +0000 UTC;0;0;Origem;2019-03-31 00:24:55 +0000 UTC;0;0;Destino;2.96;8.96;BRL
Rio de Janeiro;UberX;COMPLETED;2019-03-27 01:25:18 +0000 UTC;2019-03-27 01:30:05 +0000 UTC;0;0;Origem;2019-03-27 01:41:04 +0000 UTC;0;0;Destino;2.92;7.93;BRL
Rio de Janeiro;UberX;COMPLETED;2019-03-26 23:02:37 +0000 UTC;2019-03-26 23:07:45 +0000 UTC;0;0;Origem;2019-03-26 23:14:32 +0000 UTC;0;0;Destino;2.56;7.76;BRL
Rio de Janeiro;UberX;COMPLETED;2019-03-24 23:30:57 +0000 UTC;2019-03-24 23:46:17 +0000 UTC;0;0;Origem;2019-03-25 00:06:02 +0000 UTC;0;0;Destino;5.94;19.93;BRL
Rio de Janeiro;UberX;CANCELED;2019-03-24 23:17:17 +0000 UTC;1970-01-01 00:00:00 +0000 UTC;0;0;Origem;1970-01-01 00:00:00 +0000 UTC;0;0;Destino;0.0;7.0;BRL
Rio de Janeiro;UberX;COMPLETED;2019-03-24 20:12:09 +0000 UTC;2019-03-24 20:14:58 +0000 UTC;0;0;Origem;2019-03-24 20:21:39 +0000 UTC;0;0;Destino;0.0;9.5;BRL
Rio de Janeiro;UberX;COMPLETED;2019-03-23 22:29:38 +0000 UTC;2019-03-23 22:34:00 +0000 UTC;0;0;Origem;2019-03-23 22:43:55 +0000 UTC;0;0;Destino;2.43;9.24;BRL
Rio de Janeiro;UberX;COMPLETED;2019-03-23 20:19:41 +0000 UTC;2019-03-23 20:21:31 +0000 UTC;0;0;Origem;2019-03-23 20:34:23 +0000 UTC;0;0;Destino;2.61;9.29;BRL
Rio de Janeiro;UberX;COMPLETED;2019-02-10 17:51:42 +0000 UTC;2019-02-10 17:53:50 +0000 UTC;0;0;Origem;2019-02-10 18:04:59 +0000 UTC;0;0;Destino;6.14;12.38;BRL
Rio de Janeiro;UberX;COMPLETED;2019-02-03 21:54:24 +0000 UTC;2019-02-03 22:05:44 +0000 UTC;0;0;Origem;2019-02-03 22:25:03 +0000 UTC;0;0;Destino;6.05;17.95;BRL
Rio de Janeiro;UberX;COMPLETED;2019-02-03 17:56:23 +0000 UTC;2019-02-03 17:59:39 +0000 UTC;0;0;Origem;2019-02-03 18:13:12 +0000 UTC;0;0;Destino;6.13;16.36;BRL
Rio de Janeiro;UberX;COMPLETED;2019-02-02 21:07:15 +0000 UTC;2019-02-02 21:10:03 +0000 UTC;0;0;Origem;2019-02-02 21:21:58 +0000 UTC;0;0;Destino;2.53;9.73;BRL
Rio de Janeiro;UberX;COMPLETED;2019-02-02 14:28:55 +0000 UTC;2019-02-02 14:35:09 +0000 UTC;0;0;Origem;2019-02-02 14:42:23 +0000 UTC;0;0;Destino;1.77;7.5;BRL
Rio de Janeiro;UberX;COMPLETED;2019-01-20 19:09:48 +0000 UTC;2019-01-20 19:16:33 +0000 UTC;0;0;Origem;2019-01-20 19:48:46 +0000 UTC;0;0;Destino;15.51;52.5;BRL
Rio de Janeiro;UberX;CANCELED;2019-01-20 19:02:02 +0000 UTC;1970-01-01 00:00:00 +0000 UTC;0;0;Origem;1970-01-01 00:00:00 +0000 UTC;0;0;Destino;0.0;7.0;BRL
Rio de Janeiro;UberX;COMPLETED;2019-01-18 17:57:19 +0000 UTC;2019-01-18 18:01:27 +0000 UTC;0;0;Origem;2019-01-18 19:51:30 +0000 UTC;0;0;Destino;16.46;53.86;BRL
Sao Luis;UberX;COMPLETED;2019-01-08 23:52:01 +0000 UTC;2019-01-08 23:55:26 +0000 UTC;0;0;Origem;2019-01-09 00:10:35 +0000 UTC;0;0;Destino;3.6;0.0;BRL
Sao Luis;UberX;COMPLETED;2019-01-08 19:19:02 +0000 UTC;2019-01-08 19:35:19 +0000 UTC;0;0;Origem;2019-01-08 19:52:46 +0000 UTC;0;0;Destino;3.78;0.0;BRL
Rio de Janeiro;UberX;COMPLETED;2019-01-07 17:25:51 +0000 UTC;2019-01-07 17:29:53 +0000 UTC;0;0;Origem;2019-01-07 17:46:55 +0000 UTC;0;0;Destino;2.65;0.0;BRL
Rio de Janeiro;UberX;COMPLETED;2019-01-07 15:25:43 +0000 UTC;2019-01-07 15:28:01 +0000 UTC;0;0;Origem;2019-01-07 15:36:22 +0000 UTC;0;0;Destino;2.1;0.0;BRL
Rio de Janeiro;UberX;COMPLETED;2018-12-21 23:58:09 +0000 UTC;2018-12-22 00:02:20 +0000 UTC;0;0;Origem;2018-12-22 00:12:24 +0000 UTC;0;0;Destino;2.63;14.05;BRL
Rio de Janeiro;UberX;COMPLETED;2018-12-18 01:21:49 +0000 UTC;2018-12-18 01:28:27 +0000 UTC;0;0;Origem;2018-12-18 01:36:18 +0000 UTC;0;0;Destino;2.53;14.59;BRL
Rio de Janeiro;UberX;COMPLETED;2018-12-17 18:44:30 +0000 UTC;2018-12-17 18:51:49 +0000 UTC;0;0;Origem;2018-12-17 19:09:20 +0000 UTC;0;0;Destino;2.25;14.7;BRL
Rio de Janeiro;UberX;COMPLETED;2018-12-15 02:08:26 +0000 UTC;2018-12-15 02:09:56 +0000 UTC;0;0;Origem;2018-12-15 02:38:40 +0000 UTC;0;0;Destino;13.86;74.31;BRL
Rio de Janeiro;UberX;CANCELED;2018-12-15 01:59:43 +0000 UTC;1970-01-01 00:00:00 +0000 UTC;0;0;Origem;1970-01-01 00:00:00 +0000 UTC;0;0;Destino;0.0;7.0;BRL
Rio de Janeiro;UberX;COMPLETED;2018-12-14 00:59:41 +0000 UTC;2018-12-14 01:05:31 +0000 UTC;0;0;Origem;2018-12-14 01:18:07 +0000 UTC;0;0;Destino;2.6;7.88;BRL
Rio de Janeiro;UberX;COMPLETED;2018-12-11 23:24:37 +0000 UTC;2018-12-11 23:27:49 +0000 UTC;0;0;Origem;2018-12-11 23:46:26 +0000 UTC;0;0;Destino;7.6;19.64;BRL
Rio de Janeiro;UberX;COMPLETED;2018-12-11 11:09:49 +0000 UTC;2018-12-11 11:16:00 +0000 UTC;0;0;Origem;2018-12-11 11:24:40 +0000 UTC;0;0;Destino;1.74;7.57;BRL
Rio de Janeiro;UberX;COMPLETED;2018-12-08 00:05:48 +0000 UTC;2018-12-08 00:08:55 +0000 UTC;0;0;Origem;2018-12-08 00:19:36 +0000 UTC;0;0;Destino;3.13;8.51;BRL
Rio de Janeiro;UberX;COMPLETED;2018-12-07 21:57:45 +0000 UTC;2018-12-07 22:06:24 +0000 UTC;0;0;Origem;2018-12-07 22:28:30 +0000 UTC;0;0;Destino;2.88;8.05;BRL
Rio de Janeiro;UberX;COMPLETED;2018-11-30 23:26:41 +0000 UTC;2018-11-30 23:41:45 +0000 UTC;0;0;Origem;2018-11-30 23:51:33 +0000 UTC;0;0;Destino;1.82;0.0;BRL
Rio de Janeiro;UberX;COMPLETED;2018-11-18 09:24:28 +0000 UTC;2018-11-18 09:29:55 +0000 UTC;0;0;Origem;2018-11-18 09:33:20 +0000 UTC;0;0;Destino;1.66;7.57;BRL
Rio de Janeiro;UberX;COMPLETED;2018-11-09 15:36:19 +0000 UTC;2018-11-09 15:51:01 +0000 UTC;0;0;Origem;2018-11-09 16:22:23 +0000 UTC;0;0;Destino;2.04;8.46;BRL
Rio de Janeiro;UberX;DRIVER_CANCELED;2018-11-09 15:32:25 +0000 UTC;2018-11-09 15:35:07 +0000 UTC;0;0;Origem;1970-01-01 00:00:00 +0000 UTC;0;0;Destino;0.0;0.0;BRL
Rio de Janeiro;UberX;CANCELED;2018-11-08 00:01:12 +0000 UTC;1970-01-01 00:00:00 +0000 UTC;0;0;Origem;1970-01-01 00:00:00 +0000 UTC;0;0;Destino;0.0;0.0;BRL
Rio de Janeiro;UberX;CANCELED;2018-11-07 23:59:23 +0000 UTC;1970-01-01 00:00:00 +0000 UTC;0;0;Origem;1970-01-01 00:00:00 +0000 UTC;0;0;Destino;0.0;0.0;BRL
Rio de Janeiro;UberX;CANCELED;2018-11-07 23:56:59 +0000 UTC;1970-01-01 00:00:00 +0000 UTC;0;0;Origem;1970-01-01 00:00:00 +0000 UTC;0;0;Destino;0.0;0.0;BRL
Rio de Janeiro;UberX;CANCELED;2018-11-07 23:54:08 +0000 UTC;1970-01-01 00:00:00 +0000 UTC;0;0;Origem;1970-01-01 00:00:00 +0000 UTC;0;0;Destino;0.0;0.0;BRL
Rio de Janeiro;UberX;COMPLETED;2018-11-04 19:05:47 +0000 UTC;2018-11-04 19:08:20 +0000 UTC;0;0;Origem;2018-11-04 19:32:33 +0000 UTC;0;0;Destino;12.64;31.51;BRL
Rio de Janeiro;UberX;COMPLETED;2018-11-04 14:44:02 +0000 UTC;2018-11-04 14:47:03 +0000 UTC;0;0;Origem;2018-11-04 15:14:10 +0000 UTC;0;0;Destino;12.35;19.49;BRL
Rio de Janeiro;UberX;COMPLETED;2018-10-08 10:44:59 +0000 UTC;2018-10-08 11:00:12 +0000 UTC;0;0;Origem;2018-10-08 11:10:41 +0000 UTC;0;0;Destino;2.46;8.12;BRL
Rio de Janeiro;UberX;CANCELED;2018-10-08 10:42:50 +0000 UTC;1970-01-01 00:00:00 +0000 UTC;0;0;Origem;1970-01-01 00:00:00 +0000 UTC;0;0;Destino;0.0;0.0;BRL
Rio de Janeiro;UberX;COMPLETED;2018-10-05 11:59:30 +0000 UTC;2018-10-05 12:10:17 +0000 UTC;0;0;Origem;2018-10-05 12:28:58 +0000 UTC;0;0;Destino;3.22;12.85;BRL
Rio de Janeiro;UberX;CANCELED;2018-10-05 11:56:38 +0000 UTC;1970-01-01 00:00:00 +0000 UTC;0;0;Origem;1970-01-01 00:00:00 +0000 UTC;0;0;Destino;0.0;0.0;BRL
Rio de Janeiro;UberX;COMPLETED;2018-10-03 16:43:50 +0000 UTC;2018-10-03 16:47:44 +0000 UTC;0;0;Origem;2018-10-03 17:02:27 +0000 UTC;0;0;Destino;2.14;11.21;BRL
Rio de Janeiro;UberX;CANCELED;2018-10-03 16:35:16 +0000 UTC;1970-01-01 00:00:00 +0000 UTC;0;0;Origem;1970-01-01 00:00:00 +0000 UTC;0;0;Destino;0.0;0.0;BRL
Rio de Janeiro;UberX;COMPLETED;2018-09-26 12:11:12 +0000 UTC;2018-09-26 12:16:39 +0000 UTC;0;0;Origem;2018-09-26 12:29:55 +0000 UTC;0;0;Destino;2.18;7.98;BRL
Rio de Janeiro;UberX;COMPLETED;2018-09-26 11:31:46 +0000 UTC;2018-09-26 11:42:05 +0000 UTC;0;0;Origem;2018-09-26 11:54:15 +0000 UTC;0;0;Destino;2.32;7.75;BRL
Rio de Janeiro;UberX;CANCELED;2018-09-26 11:28:41 +0000 UTC;1970-01-01 00:00:00 +0000 UTC;0;0;Origem;1970-01-01 00:00:00 +0000 UTC;0;0;Destino;0.0;0.0;BRL
Rio de Janeiro;UberX;COMPLETED;2018-09-08 01:38:35 +0000 UTC;2018-09-08 01:45:28 +0000 UTC;0;0;Origem;2018-09-08 01:55:41 +0000 UTC;0;0;Destino;3.03;16.3;BRL
Rio de Janeiro;UberX;COMPLETED;2018-09-07 22:46:43 +0000 UTC;2018-09-07 22:51:39 +0000 UTC;0;0;Origem;2018-09-07 23:01:29 +0000 UTC;0;0;Destino;2.76;10.29;BRL
Rio de Janeiro;UberX;COMPLETED;2018-08-31 12:47:57 +0000 UTC;2018-08-31 12:55:03 +0000 UTC;0;0;Origem;2018-08-31 13:19:26 +0000 UTC;0;0;Destino;3.95;12.59;BRL
Rio de Janeiro;UberX;COMPLETED;2018-08-14 13:40:27 +0000 UTC;2018-08-14 13:48:51 +0000 UTC;0;0;Origem;2018-08-14 14:01:54 +0000 UTC;0;0;Destino;2.89;10.49;BRL
Rio de Janeiro;UberX;COMPLETED;2018-08-12 21:13:16 +0000 UTC;2018-08-12 21:17:43 +0000 UTC;0;0;Origem;2018-08-12 21:36:33 +0000 UTC;0;0;Destino;7.02;46.64;BRL
Rio de Janeiro;UberX;COMPLETED;2018-08-12 01:09:20 +0000 UTC;2018-08-12 01:10:54 +0000 UTC;0;0;Origem;2018-08-12 01:19:25 +0000 UTC;0;0;Destino;2.24;8.41;BRL
Rio de Janeiro;UberX;COMPLETED;2018-08-11 22:53:03 +0000 UTC;2018-08-11 23:00:04 +0000 UTC;0;0;Origem;2018-08-11 23:05:32 +0000 UTC;0;0;Destino;1.77;7.91;BRL
Rio de Janeiro;UberX;COMPLETED;2018-08-05 21:08:32 +0000 UTC;2018-08-05 21:12:01 +0000 UTC;0;0;Origem;2018-08-05 21:31:01 +0000 UTC;0;0;Destino;5.82;30.07;BRL
Rio de Janeiro;UberX;COMPLETED;2018-07-31 11:59:05 +0000 UTC;2018-07-31 12:03:39 +0000 UTC;0;0;Origem;2018-07-31 12:21:10 +0000 UTC;0;0;Destino;2.6;11.0;BRL
Rio de Janeiro;UberX;COMPLETED;2018-07-29 22:34:48 +0000 UTC;2018-07-29 22:42:04 +0000 UTC;0;0;Origem;2018-07-29 23:02:01 +0000 UTC;0;0;Destino;5.85;23.3;BRL
Rio de Janeiro;UberX;COMPLETED;2018-07-28 23:13:04 +0000 UTC;2018-07-28 23:16:18 +0000 UTC;0;0;Origem;2018-07-28 23:32:08 +0000 UTC;0;0;Destino;7.72;26.28;BRL
Rio de Janeiro;UberX;COMPLETED;2018-07-28 19:52:04 +0000 UTC;2018-07-28 19:55:33 +0000 UTC;0;0;Origem;2018-07-28 20:06:43 +0000 UTC;0;0;Destino;6.44;18.2;BRL
Rio de Janeiro;UberX;COMPLETED;2018-07-26 11:55:50 +0000 UTC;2018-07-26 12:01:02 +0000 UTC;0;0;Origem;2018-07-26 12:09:38 +0000 UTC;0;0;Destino;1.98;8.57;BRL
Rio de Janeiro;UberX;CANCELED;2018-07-26 11:53:21 +0000 UTC;1970-01-01 00:00:00 +0000 UTC;0;0;Origem;1970-01-01 00:00:00 +0000 UTC;0;0;Destino;0.0;0.0;BRL
Rio de Janeiro;UberX;CANCELED;2018-07-26 11:50:34 +0000 UTC;1970-01-01 00:00:00 +0000 UTC;0;0;Origem;1970-01-01 00:00:00 +0000 UTC;0;0;Destino;0.0;0.0;BRL
Rio de Janeiro;UberX;COMPLETED;2018-07-22 23:38:51 +0000 UTC;2018-07-22 23:44:08 +0000 UTC;0;0;Origem;2018-07-23 00:05:01 +0000 UTC;0;0;Destino;5.94;23.61;BRL
Rio de Janeiro;UberX;COMPLETED;2018-07-22 19:41:23 +0000 UTC;2018-07-22 19:45:19 +0000 UTC;0;0;Origem;2018-07-22 19:58:30 +0000 UTC;0;0;Destino;6.69;19.8;BRL
Rio de Janeiro;UberX;COMPLETED;2018-07-18 19:21:16 +0000 UTC;2018-07-18 19:24:53 +0000 UTC;0;0;Origem;2018-07-18 19:38:10 +0000 UTC;0;0;Destino;2.65;10.12;BRL
Rio de Janeiro;UberX;COMPLETED;2018-07-08 23:15:02 +0000 UTC;2018-07-08 23:18:37 +0000 UTC;0;0;Origem;2018-07-08 23:39:06 +0000 UTC;0;0;Destino;5.86;19.03;BRL
Rio de Janeiro;UberX;COMPLETED;2018-07-07 19:37:53 +0000 UTC;2018-07-07 19:41:35 +0000 UTC;0;0;Origem;2018-07-07 19:53:07 +0000 UTC;0;0;Destino;4.38;14.04;BRL
Rio de Janeiro;UberX;COMPLETED;2018-07-06 12:49:53 +0000 UTC;2018-07-06 12:52:47 +0000 UTC;0;0;Origem;2018-07-06 13:38:09 +0000 UTC;0;0;Destino;7.4;27.68;BRL
Rio de Janeiro;UberX;COMPLETED;2018-07-02 13:43:59 +0000 UTC;2018-07-02 13:50:44 +0000 UTC;0;0;Origem;2018-07-02 13:57:13 +0000 UTC;0;0;Destino;2.1;15.4;BRL
Rio de Janeiro;UberX;COMPLETED;2018-06-29 19:30:26 +0000 UTC;2018-06-29 19:35:17 +0000 UTC;0;0;Origem;2018-06-29 19:50:28 +0000 UTC;0;0;Destino;2.74;12.07;BRL
Rio de Janeiro;UberX;COMPLETED;2018-06-29 12:24:15 +0000 UTC;2018-06-29 12:29:52 +0000 UTC;0;0;Origem;2018-06-29 12:49:07 +0000 UTC;0;0;Destino;3.18;12.6;BRL
Rio de Janeiro;UberX;COMPLETED;2018-06-25 22:32:50 +0000 UTC;2018-06-25 22:35:02 +0000 UTC;0;0;Origem;2018-06-25 22:55:04 +0000 UTC;0;0;Destino;7.76;27.94;BRL
Rio de Janeiro;UberX;COMPLETED;2018-06-24 22:14:59 +0000 UTC;2018-06-24 22:26:16 +0000 UTC;0;0;Origem;2018-06-24 22:39:04 +0000 UTC;0;0;Destino;3.48;14.86;BRL
Rio de Janeiro;UberX;COMPLETED;2018-06-24 17:46:39 +0000 UTC;2018-06-24 17:50:26 +0000 UTC;0;0;Origem;2018-06-24 17:56:49 +0000 UTC;0;0;Destino;1.66;7.75;BRL
Rio de Janeiro;UberX;COMPLETED;2018-06-24 02:36:40 +0000 UTC;2018-06-24 02:42:09 +0000 UTC;0;0;Origem;2018-06-24 02:54:45 +0000 UTC;0;0;Destino;4.19;17.73;BRL
Rio de Janeiro;UberX;CANCELED;2018-06-24 02:35:40 +0000 UTC;1970-01-01 00:00:00 +0000 UTC;0;0;Origem;1970-01-01 00:00:00 +0000 UTC;0;0;Destino;0.0;0.0;BRL
Rio de Janeiro;UberX;COMPLETED;2018-06-23 23:10:35 +0000 UTC;2018-06-23 23:13:49 +0000 UTC;0;0;Origem;2018-06-23 23:33:19 +0000 UTC;0;0;Destino;4.85;16.8;BRL
Rio de Janeiro;UberX;CANCELED;2018-06-20 11:20:50 +0000 UTC;1970-01-01 00:00:00 +0000 UTC;0;0;Origem;1970-01-01 00:00:00 +0000 UTC;0;0;Destino;0.0;0.0;BRL
Rio de Janeiro;UberX;CANCELED;2018-06-20 11:19:51 +0000 UTC;1970-01-01 00:00:00 +0000 UTC;0;0;Origem;1970-01-01 00:00:00 +0000 UTC;0;0;Destino;0.0;0.0;BRL
Rio de Janeiro;UberX;CANCELED;2018-06-09 16:05:37 +0000 UTC;1970-01-01 00:00:00 +0000 UTC;0;0;Origem;1970-01-01 00:00:00 +0000 UTC;0;0;Destino;0.0;0.0;BRL
Rio de Janeiro;UberX;CANCELED;2018-06-09 16:04:15 +0000 UTC;1970-01-01 00:00:00 +0000 UTC;0;0;Origem;1970-01-01 00:00:00 +0000 UTC;0;0;Destino;0.0;0.0;BRL
Rio de Janeiro;uberX;COMPLETED;2018-06-08 18:06:27 +0000 UTC;2018-06-08 18:12:32 +0000 UTC;0;0;Origem;2018-06-08 18:25:07 +0000 UTC;0;0;Destino;1.96;8.84;BRL
Rio de Janeiro;uberX;COMPLETED;2018-06-02 16:20:36 +0000 UTC;2018-06-02 16:26:11 +0000 UTC;0;0;Origem;2018-06-02 16:52:45 +0000 UTC;0;0;Destino;15.5;46.62;BRL
Sao Paulo;uberX;COMPLETED;2018-06-02 13:28:28 +0000 UTC;2018-06-02 13:47:04 +0000 UTC;0;0;Origem;2018-06-02 14:05:15 +0000 UTC;0;0;Destino;6.54;23.67;BRL
Sao Paulo;uberX;COMPLETED;2018-06-01 22:50:47 +0000 UTC;2018-06-01 23:06:22 +0000 UTC;0;0;Origem;2018-06-01 23:39:07 +0000 UTC;0;0;Destino;12.11;40.45;BRL
Sao Paulo;uberX;CANCELED;2018-06-01 22:49:35 +0000 UTC;1970-01-01 00:00:00 +0000 UTC;0;0;Origem;1970-01-01 00:00:00 +0000 UTC;0;0;Destino;0.0;0.0;BRL
Sao Paulo;uberX;COMPLETED;2018-06-01 14:21:06 +0000 UTC;2018-06-01 14:22:21 +0000 UTC;0;0;Origem;2018-06-01 14:56:57 +0000 UTC;0;0;Destino;11.58;38.25;BRL
Sao Paulo;uberX;COMPLETED;2018-06-01 03:35:02 +0000 UTC;2018-06-01 03:40:46 +0000 UTC;0;0;Origem;2018-06-01 03:57:26 +0000 UTC;0;0;Destino;4.85;18.85;BRL
Sao Paulo;uberX;DRIVER_CANCELED;2018-06-01 03:28:29 +0000 UTC;2018-06-01 03:34:12 +0000 UTC;0;0;Origem;1970-01-01 00:00:00 +0000 UTC;0;0;Destino;0.0;0.0;BRL
Sao Paulo;uberX;COMPLETED;2018-06-01 00:11:05 +0000 UTC;2018-06-01 00:17:23 +0000 UTC;0;0;Origem;2018-06-01 00:46:03 +0000 UTC;0;0;Destino;5.73;24.03;BRL
Sao Paulo;uberX;COMPLETED;2018-05-31 22:10:15 +0000 UTC;2018-05-31 22:14:14 +0000 UTC;0;0;Origem;2018-05-31 22:25:03 +0000 UTC;0;0;Destino;1.73;9.65;BRL
Rio de Janeiro;uberX;COMPLETED;2018-05-31 10:51:35 +0000 UTC;2018-05-31 10:55:58 +0000 UTC;0;0;Origem;2018-05-31 11:19:50 +0000 UTC;0;0;Destino;13.52;38.13;BRL
Rio de Janeiro;uberX;COMPLETED;2018-05-10 15:37:03 +0000 UTC;2018-05-10 15:41:15 +0000 UTC;0;0;Origem;2018-05-10 15:47:36 +0000 UTC;0;0;Destino;1.82;8.69;BRL
Rio de Janeiro;uberX;COMPLETED;2018-05-06 02:15:57 +0000 UTC;2018-05-06 02:25:10 +0000 UTC;0;0;Origem;2018-05-06 02:29:08 +0000 UTC;0;0;Destino;0.76;9.85;BRL
Rio de Janeiro;uberX;CANCELED;2018-05-06 02:15:04 +0000 UTC;1970-01-01 00:00:00 +0000 UTC;0;0;Origem;1970-01-01 00:00:00 +0000 UTC;0;0;Destino;0.0;0.0;BRL
Rio de Janeiro;uberX;COMPLETED;2018-05-05 21:23:13 +0000 UTC;2018-05-05 21:29:20 +0000 UTC;0;0;Origem;2018-05-05 21:47:25 +0000 UTC;0;0;Destino;3.41;13.09;BRL
Rio de Janeiro;uberX;CANCELED;2018-05-05 21:21:01 +0000 UTC;1970-01-01 00:00:00 +0000 UTC;0;0;Origem;1970-01-01 00:00:00 +0000 UTC;0;0;Destino;0.0;0.0;BRL
Rio de Janeiro;uberX;CANCELED;2018-05-05 21:19:00 +0000 UTC;1970-01-01 00:00:00 +0000 UTC;0;0;Origem;1970-01-01 00:00:00 +0000 UTC;0;0;Destino;0.0;0.0;BRL
Rio de Janeiro;uberX;COMPLETED;2018-04-16 17:24:25 +0000 UTC;2018-04-16 17:30:39 +0000 UTC;0;0;Origem;2018-04-16 17:39:14 +0000 UTC;0;0;Destino;2.56;9.62;BRL
Rio de Janeiro;uberX;COMPLETED;2018-04-07 00:22:06 +0000 UTC;2018-04-07 00:29:18 +0000 UTC;0;0;Origem;2018-04-07 00:37:18 +0000 UTC;0;0;Destino;1.97;8.26;BRL
Rio de Janeiro;uberX;CANCELED;2018-04-07 00:20:08 +0000 UTC;1970-01-01 00:00:00 +0000 UTC;0;0;Origem;1970-01-01 00:00:00 +0000 UTC;0;0;Destino;0.0;0.0;BRL
Rio de Janeiro;uberX;CANCELED;2018-03-12 12:56:00 +0000 UTC;1970-01-01 00:00:00 +0000 UTC;0;0;Origem;1970-01-01 00:00:00 +0000 UTC;0;0;Destino;0.0;0.0;BRL
Rio de Janeiro;uberX;CANCELED;2018-03-12 12:54:39 +0000 UTC;1970-01-01 00:00:00 +0000 UTC;0;0;Origem;1970-01-01 00:00:00 +0000 UTC;0;0;Destino;0.0;0.0;BRL
Rio de Janeiro;uberX;COMPLETED;2018-01-24 18:37:26 +0000 UTC;2018-01-24 18:41:02 +0000 UTC;0;0;Origem;2018-01-24 18:57:52 +0000 UTC;0;0;Destino;2.27;10.49;BRL
Rio de Janeiro;uberX;COMPLETED;2018-01-23 17:35:10 +0000 UTC;2018-01-23 17:42:46 +0000 UTC;0;0;Origem;2018-01-23 17:56:54 +0000 UTC;0;0;Destino;6.14;18.83;BRL
Rio de Janeiro;uberX;CANCELED;2018-01-23 17:34:12 +0000 UTC;1970-01-01 00:00:00 +0000 UTC;0;0;Origem;1970-01-01 00:00:00 +0000 UTC;0;0;Destino;0.0;0.0;BRL
Rio de Janeiro;uberX;CANCELED;2018-01-23 17:33:29 +0000 UTC;1970-01-01 00:00:00 +0000 UTC;0;0;Origem;1970-01-01 00:00:00 +0000 UTC;0;0;Destino;0.0;0.0;BRL
Rio de Janeiro;uberX;CANCELED;2018-01-23 17:32:50 +0000 UTC;1970-01-01 00:00:00 +0000 UTC;0;0;Origem;1970-01-01 00:00:00 +0000 UTC;0;0;Destino;0.0;0.0;BRL
Rio de Janeiro;uberX;CANCELED;2018-01-23 17:31:13 +0000 UTC;1970-01-01 00:00:00 +0000 UTC;0;0;Origem;1970-01-01 00:00:00 +0000 UTC;0;0;Destino;0.0;0.0;BRL
Rio de Janeiro;uberX;COMPLETED;2018-01-19 19:27:50 +0000 UTC;2018-01-19 19:31:28 +0000 UTC;0;0;Origem;2018-01-19 19:53:28 +0000 UTC;0;0;Destino;10.67;28.61;BRL
Rio de Janeiro;uberX;COMPLETED;2018-01-17 23:39:00 +0000 UTC;2018-01-17 23:42:45 +0000 UTC;0;0;Origem;2018-01-18 00:01:34 +0000 UTC;0;0;Destino;7.72;23.4;BRL
Rio de Janeiro;uberX;COMPLETED;2018-01-17 18:01:10 +0000 UTC;2018-01-17 18:05:22 +0000 UTC;0;0;Origem;2018-01-17 18:19:58 +0000 UTC;0;0;Destino;6.42;20.32;BRL
Rio de Janeiro;uberX;DRIVER_CANCELED;2018-01-17 17:49:23 +0000 UTC;1970-01-01 00:00:00 +0000 UTC;0;0;Origem;1970-01-01 00:00:00 +0000 UTC;0;0;Destino;0.0;7.0;BRL
Rio de Janeiro;uberX;COMPLETED;2018-01-07 00:25:04 +0000 UTC;2018-01-07 00:29:22 +0000 UTC;0;0;Origem;2018-01-07 00:42:43 +0000 UTC;0;0;Destino;4.08;15.29;BRL
Rio de Janeiro;uberX;COMPLETED;2018-01-06 21:38:28 +0000 UTC;2018-01-06 21:40:45 +0000 UTC;0;0;Origem;2018-01-06 21:56:55 +0000 UTC;0;0;Destino;4.05;15.8;BRL
Rio de Janeiro;uberX;COMPLETED;2018-01-01 03:42:49 +0000 UTC;2018-01-01 03:47:56 +0000 UTC;0;0;Origem;2018-01-01 04:05:16 +0000 UTC;0;0;Destino;8.28;46.93;BRL
Rio de Janeiro;uberX;CANCELED;2018-01-01 03:41:46 +0000 UTC;1970-01-01 00:00:00 +0000 UTC;0;0;Origem;1970-01-01 00:00:00 +0000 UTC;0;0;Destino;0.0;0.0;BRL
Rio de Janeiro;uberX;CANCELED;2018-01-01 03:40:46 +0000 UTC;1970-01-01 00:00:00 +0000 UTC;0;0;Origem;1970-01-01 00:00:00 +0000 UTC;0;0;Destino;0.0;0.0;BRL
Rio de Janeiro;uberX;CANCELED;2018-01-01 03:36:04 +0000 UTC;1970-01-01 00:00:00 +0000 UTC;0;0;Origem;1970-01-01 00:00:00 +0000 UTC;0;0;Destino;0.0;0.0;BRL
Rio de Janeiro;uberX;CANCELED;2017-12-21 00:56:44 +0000 UTC;1970-01-01 00:00:00 +0000 UTC;0;0;Origem;1970-01-01 00:00:00 +0000 UTC;0;0;Destino;0.0;0.0;BRL
Rio de Janeiro;uberX;CANCELED;2017-12-21 00:55:58 +0000 UTC;1970-01-01 00:00:00 +0000 UTC;0;0;Origem;1970-01-01 00:00:00 +0000 UTC;0;0;Destino;0.0;0.0;BRL
Rio de Janeiro;uberX;CANCELED;2017-12-21 00:55:12 +0000 UTC;1970-01-01 00:00:00 +0000 UTC;0;0;Origem;1970-01-01 00:00:00 +0000 UTC;0;0;Destino;0.0;0.0;BRL
Rio de Janeiro;uberX;COMPLETED;2017-12-19 12:14:24 +0000 UTC;2017-12-19 12:19:39 +0000 UTC;0;0;Origem;2017-12-19 12:27:09 +0000 UTC;0;0;Destino;1.13;7.75;BRL
Rio de Janeiro;uberX;COMPLETED;2017-12-14 22:16:19 +0000 UTC;2017-12-14 22:21:11 +0000 UTC;0;0;Origem;2017-12-14 22:41:37 +0000 UTC;0;0;Destino;7.62;24.13;BRL
Rio de Janeiro;uberX;COMPLETED;2017-12-14 13:10:29 +0000 UTC;2017-12-14 13:13:48 +0000 UTC;0;0;Origem;2017-12-14 13:29:09 +0000 UTC;0;0;Destino;3.16;11.25;BRL
Rio de Janeiro;uberX;COMPLETED;2017-12-12 08:20:21 +0000 UTC;2017-12-12 08:22:29 +0000 UTC;0;0;Origem;2017-12-12 08:46:49 +0000 UTC;0;0;Destino;12.6;37.08;BRL
Rio de Janeiro;uberX;COMPLETED;2017-12-10 01:57:34 +0000 UTC;2017-12-10 02:03:14 +0000 UTC;0;0;Origem;2017-12-10 02:21:13 +0000 UTC;0;0;Destino;6.38;26.2;BRL
Rio de Janeiro;uberX;CANCELED;2017-12-10 01:55:39 +0000 UTC;1970-01-01 00:00:00 +0000 UTC;0;0;Origem;1970-01-01 00:00:00 +0000 UTC;0;0;Destino;0.0;0.0;BRL
Rio de Janeiro;uberX;COMPLETED;2017-12-09 20:15:33 +0000 UTC;2017-12-09 20:20:19 +0000 UTC;0;0;Origem;2017-12-09 20:36:59 +0000 UTC;0;0;Destino;7.03;22.6;BRL
Rio de Janeiro;uberX;COMPLETED;2017-12-09 18:06:06 +0000 UTC;2017-12-09 18:08:14 +0000 UTC;0;0;Origem;2017-12-09 18:24:38 +0000 UTC;0;0;Destino;6.23;17.7;BRL
Rio de Janeiro;uberX;COMPLETED;2017-12-09 16:06:18 +0000 UTC;2017-12-09 16:12:35 +0000 UTC;0;0;Origem;2017-12-09 16:26:56 +0000 UTC;0;0;Destino;3.35;11.73;BRL
Rio de Janeiro;uberX;CANCELED;2017-12-09 15:59:56 +0000 UTC;1970-01-01 00:00:00 +0000 UTC;0;0;Origem;1970-01-01 00:00:00 +0000 UTC;0;0;Destino;0.0;0.0;BRL
Rio de Janeiro;uberX;COMPLETED;2017-12-04 20:26:09 +0000 UTC;2017-12-04 20:33:14 +0000 UTC;0;0;Origem;2017-12-04 21:01:03 +0000 UTC;0;0;Destino;10.67;50.21;BRL
Rio de Janeiro;uberX;CANCELED;2017-12-04 20:24:25 +0000 UTC;1970-01-01 00:00:00 +0000 UTC;0;0;Origem;1970-01-01 00:00:00 +0000 UTC;0;0;Destino;0.0;0.0;BRL
Rio de Janeiro;uberX;COMPLETED;2017-11-01 23:30:47 +0000 UTC;2017-11-01 23:34:53 +0000 UTC;0;0;Origem;2017-11-02 00:01:22 +0000 UTC;0;0;Destino;10.46;31.99;BRL
Rio de Janeiro;uberX;COMPLETED;2017-11-01 15:59:13 +0000 UTC;2017-11-01 16:07:28 +0000 UTC;0;0;Origem;2017-11-01 16:43:34 +0000 UTC;0;0;Destino;10.49;31.13;BRL
Rio de Janeiro;uberX;COMPLETED;2017-10-24 12:09:30 +0000 UTC;2017-10-24 12:13:10 +0000 UTC;0;0;Origem;2017-10-24 12:28:05 +0000 UTC;0;0;Destino;2.64;11.15;BRL
Rio de Janeiro;uberX;COMPLETED;2017-10-22 21:14:11 +0000 UTC;2017-10-22 21:17:56 +0000 UTC;0;0;Origem;2017-10-22 21:41:40 +0000 UTC;0;0;Destino;5.97;37.44;BRL
Rio de Janeiro;uberX;CANCELED;2017-10-20 22:19:15 +0000 UTC;1970-01-01 00:00:00 +0000 UTC;0;0;Origem;1970-01-01 00:00:00 +0000 UTC;0;0;Destino;0.0;0.0;BRL
Rio de Janeiro;uberX;CANCELED;2017-10-20 22:15:19 +0000 UTC;1970-01-01 00:00:00 +0000 UTC;0;0;Origem;1970-01-01 00:00:00 +0000 UTC;0;0;Destino;0.0;0.0;BRL
Rio de Janeiro;uberX;COMPLETED;2017-10-13 20:22:30 +0000 UTC;2017-10-13 20:25:56 +0000 UTC;0;0;Origem;2017-10-13 20:32:19 +0000 UTC;0;0;Destino;1.46;7.75;BRL
Rio de Janeiro;uberX;COMPLETED;2017-10-10 11:42:35 +0000 UTC;2017-10-10 11:50:56 +0000 UTC;0;0;Origem;2017-10-10 12:00:16 +0000 UTC;0;0;Destino;1.77;7.91;BRL
Rio de Janeiro;uberX;CANCELED;2017-10-10 11:38:25 +0000 UTC;1970-01-01 00:00:00 +0000 UTC;0;0;Origem;1970-01-01 00:00:00 +0000 UTC;0;0;Destino;0.0;0.0;BRL
Rio de Janeiro;uberX;CANCELED;2017-10-10 11:37:08 +0000 UTC;1970-01-01 00:00:00 +0000 UTC;0;0;Origem;1970-01-01 00:00:00 +0000 UTC;0;0;Destino;0.0;0.0;BRL
Rio de Janeiro;uberX;COMPLETED;2017-10-07 13:07:31 +0000 UTC;2017-10-07 13:12:17 +0000 UTC;0;0;Origem;2017-10-07 13:19:53 +0000 UTC;0;0;Destino;1.59;7.75;BRL
Rio de Janeiro;uberX;COMPLETED;2017-10-03 13:18:13 +0000 UTC;2017-10-03 13:22:06 +0000 UTC;0;0;Origem;2017-10-03 13:40:37 +0000 UTC;0;0;Destino;2.07;8.87;BRL
Rio de Janeiro;uberX;COMPLETED;2017-09-30 19:32:20 +0000 UTC;2017-09-30 19:34:14 +0000 UTC;0;0;Origem;2017-09-30 20:14:45 +0000 UTC;0;0;Destino;19.62;54.96;BRL
Rio de Janeiro;uberX;COMPLETED;2017-09-30 17:16:47 +0000 UTC;2017-09-30 17:22:15 +0000 UTC;0;0;Origem;2017-09-30 17:56:59 +0000 UTC;0;0;Destino;18.31;49.64;BRL
Rio de Janeiro;uberX;COMPLETED;2017-08-18 20:05:14 +0000 UTC;2017-08-18 20:11:17 +0000 UTC;0;0;Origem;2017-08-18 20:41:27 +0000 UTC;0;0;Destino;2.21;11.01;BRL
Rio de Janeiro;uberX;COMPLETED;2017-08-17 18:25:39 +0000 UTC;2017-08-17 18:29:27 +0000 UTC;0;0;Origem;2017-08-17 18:57:15 +0000 UTC;0;0;Destino;2.39;16.41;BRL
Rio de Janeiro;uberX;COMPLETED;2017-07-25 19:01:21 +0000 UTC;2017-07-25 19:13:33 +0000 UTC;0;0;Origem;2017-07-25 19:30:50 +0000 UTC;0;0;Destino;2.88;11.2;BRL
Rio de Janeiro;uberX;COMPLETED;2017-07-20 23:24:56 +0000 UTC;2017-07-20 23:33:13 +0000 UTC;0;0;Origem;2017-07-20 23:42:23 +0000 UTC;0;0;Destino;1.17;7.78;BRL
Rio de Janeiro;uberX;COMPLETED;2017-05-29 22:17:08 +0000 UTC;2017-05-29 22:21:18 +0000 UTC;0;0;Origem;2017-05-29 22:40:51 +0000 UTC;0;0;Destino;2.9;13.02;BRL
Rio de Janeiro;uberX;CANCELED;2017-05-29 22:16:46 +0000 UTC;1970-01-01 00:00:00 +0000 UTC;0;0;Origem;1970-01-01 00:00:00 +0000 UTC;0;0;Destino;0.0;0.0;BRL
Rio de Janeiro;uberX;COMPLETED;2017-05-29 19:59:32 +0000 UTC;2017-05-29 20:02:39 +0000 UTC;0;0;Origem;2017-05-29 20:23:37 +0000 UTC;0;0;Destino;2.21;9.76;BRL
Rio de Janeiro;uberX;COMPLETED;2017-05-25 17:47:13 +0000 UTC;2017-05-25 17:51:05 +0000 UTC;0;0;Origem;2017-05-25 18:09:23 +0000 UTC;0;0;Destino;1.99;16.87;BRL
Rio de Janeiro;uberX;CANCELED;2017-05-25 17:45:49 +0000 UTC;1970-01-01 00:00:00 +0000 UTC;0;0;Origem;1970-01-01 00:00:00 +0000 UTC;0;0;Destino;0.0;0.0;BRL
Rio de Janeiro;uberX;COMPLETED;2017-03-20 22:24:54 +0000 UTC;2017-03-20 22:33:40 +0000 UTC;0;0;Origem;2017-03-20 23:02:33 +0000 UTC;0;0;Destino;5.65;19.81;BRL
Rio de Janeiro;uberX;COMPLETED;2017-01-24 22:31:41 +0000 UTC;2017-01-24 22:35:38 +0000 UTC;0;0;Origem;2017-01-24 22:57:35 +0000 UTC;0;0;Destino;7.12;22.09;BRL
Rio de Janeiro;uberX;COMPLETED;2016-12-30 19:39:54 +0000 UTC;2016-12-30 19:45:26 +0000 UTC;0;0;Origem;2016-12-30 19:59:01 +0000 UTC;0;0;Destino;2.61;9.72;BRL
Rio de Janeiro;uberX;COMPLETED;2016-11-09 19:01:13 +0000 UTC;2016-11-09 19:06:02 +0000 UTC;0;0;Origem;2016-11-09 19:17:05 +0000 UTC;0;0;Destino;2.08;8.33;BRL
Rio de Janeiro;uberX;COMPLETED;2016-11-09 18:50:06 +0000 UTC;2016-11-09 18:57:22 +0000 UTC;0;0;Origem;2016-11-09 18:57:40 +0000 UTC;0;0;Destino;0.01;0.0;BRL
Rio de Janeiro;uberX;COMPLETED;2016-10-21 17:04:28 +0000 UTC;2016-10-21 17:14:05 +0000 UTC;0;0;Origem;2016-10-21 17:39:29 +0000 UTC;0;0;Destino;2.63;11.74;BRL
Rio de Janeiro;uberX;COMPLETED;2016-07-24 04:25:10 +0000 UTC;2016-07-24 04:34:40 +0000 UTC;0;0;Origem;2016-07-24 05:05:02 +0000 UTC;0;0;Destino;16.05;46.67;BRL
Rio de Janeiro;uberX;COMPLETED;2016-07-23 23:20:08 +0000 UTC;2016-07-23 23:28:29 +0000 UTC;0;0;Origem;2016-07-23 23:47:37 +0000 UTC;0;0;Destino;3.53;12.81;BRL
Rio de Janeiro;uberX;CANCELED;2016-07-23 22:16:51 +0000 UTC;1970-01-01 00:00:00 +0000 UTC;0;0;Origem;1970-01-01 00:00:00 +0000 UTC;0;0;Destino;0.0;0.0;BRL
Rio de Janeiro;uberX;COMPLETED;2016-07-20 19:59:01 +0000 UTC;2016-07-20 20:03:11 +0000 UTC;0;0;Origem;2016-07-20 20:28:18 +0000 UTC;0;0;Destino;2.76;11.97;BRL
Rio de Janeiro;uberX;COMPLETED;2016-07-20 18:13:30 +0000 UTC;2016-07-20 18:16:32 +0000 UTC;0;0;Origem;2016-07-20 18:29:49 +0000 UTC;0;0;Destino;2.39;9.38;BRL
Rio de Janeiro;uberX;COMPLETED;2016-06-13 18:56:34 +0000 UTC;2016-06-13 19:02:37 +0000 UTC;0;0;Origem;2016-06-13 19:16:06 +0000 UTC;0;0;Destino;2.21;8.98;BRL
Rio de Janeiro;uberX;CANCELED;2016-06-13 18:52:39 +0000 UTC;1970-01-01 00:00:00 +0000 UTC;0;0;Origem;1970-01-01 00:00:00 +0000 UTC;0;0;Destino;0.0;0.0;BRL
Rio de Janeiro;uberX;COMPLETED;2016-05-20 14:29:46 +0000 UTC;2016-05-20 14:33:27 +0000 UTC;0;0;Origem;2016-05-20 14:37:09 +0000 UTC;0;0;Destino;0.98;7.0;BRL
Rio de Janeiro;uberX;CANCELED;2016-05-09 23:49:16 +0000 UTC;1970-01-01 00:00:00 +0000 UTC;0;0;Origem;1970-01-01 00:00:00 +0000 UTC;0;0;Destino;0.0;0.0;BRL
Rio de Janeiro;uberX;COMPLETED;2016-05-01 20:56:08 +0000 UTC;2016-05-01 21:03:22 +0000 UTC;0;0;Origem;2016-05-01 21:29:27 +0000 UTC;0;0;Destino;9.92;28.24;BRL
Rio de Janeiro;uberX;COMPLETED;2016-05-01 17:04:00 +0000 UTC;2016-05-01 17:08:21 +0000 UTC;0;0;Origem;2016-05-01 17:20:47 +0000 UTC;0;0;Destino;6.25;17.92;BRL
Rio de Janeiro;uberX;COMPLETED;2016-05-01 03:15:00 +0000 UTC;2016-05-01 03:18:16 +0000 UTC;0;0;Origem;2016-05-01 03:20:17 +0000 UTC;0;0;Destino;0.48;7.0;BRL
Rio de Janeiro;uberX;CANCELED;2016-05-01 03:14:01 +0000 UTC;1970-01-01 00:00:00 +0000 UTC;0;0;Origem;1970-01-01 00:00:00 +0000 UTC;0;0;Destino;0.0;0.0;BRL
Rio de Janeiro;uberX;CANCELED;2016-04-24 00:38:40 +0000 UTC;1970-01-01 00:00:00 +0000 UTC;0;0;Origem;1970-01-01 00:00:00 +0000 UTC;0;0;Destino;0.0;0.0;BRL
Rio de Janeiro;uberX;COMPLETED;2016-04-23 21:48:46 +0000 UTC;2016-04-23 21:53:10 +0000 UTC;0;0;Origem;2016-04-23 22:34:23 +0000 UTC;0;0;Destino;7.91;31.19;BRL
Rio de Janeiro;uberX;COMPLETED;2016-04-17 21:20:01 +0000 UTC;2016-04-17 21:23:22 +0000 UTC;0;0;Origem;2016-04-17 21:54:03 +0000 UTC;0;0;Destino;7.68;33.43;BRL
Rio de Janeiro;uberX;COMPLETED;2016-04-17 17:50:36 +0000 UTC;2016-04-17 17:58:24 +0000 UTC;0;0;Origem;2016-04-17 18:15:49 +0000 UTC;0;0;Destino;8.06;22.76;BRL
